cbsa_code_or_fips,market_name,states,market_type,size_tier,growth_tier,composite_z,pop_cagr,z_pop_cagr,netmig_rate,z_netmig_rate,gdp_cagr,z_gdp_cagr,emp_cagr,z_emp_cagr,pcpi_cagr,z_pcpi_cagr,pop_2025,pinnacle_offices,pinnacle_full_service_branches,pinnacle_limited_service_offices,branches_acquired_2026,office_file_deposits_2025_kusd,deposit_growth_context,in_footprint_states,benchmark_universe,entry_year,tenure_years,branches_2020,branches_2025_sod,net_branch_change_5yr,branch_change_pct,proforma_deposits_2020_kusd,proforma_deposits_2025_kusd,market_deposits_2020_kusd,market_deposits_2025_kusd,market_branches_2025,n_institutions,n_market_counties,deposit_share_2020,deposit_share_2025,share_delta_5yr_bps,branch_share_2025,branch_effectiveness_index,entered_via_2026_merger,book_moved_out_kusd,book_moved_in_kusd,branches_2020_wide_only,franchise_stage,stage_detail,data_flags
34980,"Nashville-Davidson--Murfreesboro--Franklin, TN",TN,Metropolitan Statistical Area,Major Metro,High,1.3339,0.016795,1.61948,0.04117,0.709627,0.049703,1.770771,0.019325,0.670504,0.070858,1.530358,2197416,38,35,3,3,21627566,"same-branch 2020->2025 deposit CAGR 8.5% (29 of 38 branches matched both vintages with deposits at both endpoints); 8 branch(es) with no 2020 SOD deposits; 1 branch(es) reported $0 in 2025 after an internal reallocation (8,269,186k of 2020 deposits) and are PAIRED WITH the receiving office(s) in the same market -- NASHVILLE YARDS BRANCH (uninum 465213, 42,947k->13,659,117k) -- so both sides of the move sit on the same side of the ratio",True,US metro+micro CBSAs,2001.0,24.0,37,38,1,0.027027027027026973,14156336,21627566,76359556.0,92348834.0,520.0,153.0,7,0.18539049650838724,0.23419425089871734,488.0,0.07307692307692308,3.2047634333508688,False,8269186,15260792,,Entrenched Leader,"Entrenched Leader; share 23.4% (+488bps 5yr); 38 branches (+1 5yr); entered 2001; CAUTION: $8.3bn booked OUT of offices here and $15.3bn booked IN to offices here between the 2020 and 2025 surveys (office-level book relocation, see methodology 8.6) -- check whether the move was intra-market (share unaffected) or cross-market (share delta is partly a booking change, not an operating result) before reading this label","limited_service_offices:3|mixed_legacy_and_merger_branches|book_relocation_out:$8.3bn_left_offices_in_this_market:stage_label_reflects_a_booking_move_not_only_operations|book_relocation_in:$15.3bn_arrived_at_offices_in_this_market:stage_label_reflects_a_booking_move_not_only_operations|nashville_main_office_uninum82012_reported_$0_in_june2025_sod;cert35583_davidson_county_deposits_2020=10,452,141k->2025=15,440,535k(book_retained_in_county_share_unaffected)"
12060,"Atlanta-Sandy Springs-Roswell, GA",GA,Metropolitan Statistical Area,Major Metro,Medium,0.1918,0.01154,0.967551,0.011001,-0.018874,0.023728,0.281424,0.013111,0.261807,0.051783,-0.49402,6482182,48,47,1,41,15331595,same-branch 2020->2025 deposit CAGR 19.5% (41 of 48 branches matched both vintages with deposits at both endpoints); 7 branch(es) with no 2020 SOD deposits,True,US metro+micro CBSAs,1994.0,31.0,46,47,1,0.021739130434782705,6685981,15331595,187444702.0,237511577.0,973.0,299.0,18,0.035669084954985816,0.06455093765808308,288.8,0.048304213771839674,1.3363417519428686,False,0,7254960,,Expanding,"Expanding; share 6.5% (+289bps 5yr); 47 branches (+1 5yr); entered 1994; CAUTION: $7.3bn booked IN to offices here between the 2020 and 2025 surveys (office-level book relocation, see methodology 8.6) -- check whether the move was intra-market (share unaffected) or cross-market (share delta is partly a booking change, not an operating result) before reading this label",limited_service_offices:1|mixed_legacy_and_merger_branches|book_relocation_in:$7.3bn_arrived_at_offices_in_this_market:stage_label_reflects_a_booking_move_not_only_operations
17980,"Columbus, GA-AL",AL|GA,Metropolitan Statistical Area,Secondary Metro,Low,-0.5527,-0.002666,-0.794946,-0.026149,-0.915927,0.006915,-0.682637,-0.002942,-0.793929,0.059171,0.290021,324830,14,11,3,14,5699765,same-branch 2020->2025 deposit CAGR 9.4% (10 of 14 branches matched both vintages with deposits at both endpoints); 3 branch(es) with no 2020 SOD deposits,True,US metro+micro CBSAs,1994.0,31.0,16,14,-2,-0.125,8959045,5699765,12212177.0,9361564.0,42.0,18.0,3,0.7336157181475506,0.6088475173592789,-1247.7,0.3333333333333333,1.8265425520778367,True,7672011,4221214,,Entrenched Leader (consolidating),"Entrenched Leader (consolidating); share 60.9% (-1248bps 5yr); 14 branches (-2 5yr); entered 1994; via 2026 merger; CAUTION: $7.7bn booked OUT of offices here and $4.2bn booked IN to offices here between the 2020 and 2025 surveys (office-level book relocation, see methodology 8.6) -- check whether the move was intra-market (share unaffected) or cross-market (share delta is partly a booking change, not an operating result) before reading this label",limited_service_offices:3|all_branches_from_2026_synovus_merger|deposit_book_drop_-36pct:check_main_office_reallocation|book_relocation_out:$7.7bn_left_offices_in_this_market:stage_label_reflects_a_booking_move_not_only_operations|book_relocation_in:$4.2bn_arrived_at_offices_in_this_market:stage_label_reflects_a_booking_move_not_only_operations
13820,"Birmingham, AL",AL,Metropolitan Statistical Area,Major Metro,Medium,0.07,0.002687,-0.130763,0.004064,-0.18638,0.020833,0.115408,0.006107,-0.198806,0.062103,0.601236,1197766,15,14,1,13,4110409,same-branch 2020->2025 deposit CAGR 8.0% (11 of 15 branches matched both vintages with deposits at both endpoints); 3 branch(es) with no 2020 SOD deposits,True,US metro+micro CBSAs,2010.0,15.0,14,15,1,0.0714285714285714,2579042,4110409,50731684.0,49647498.0,246.0,71.0,3,0.05083690894234853,0.08279186596674015,319.5,0.06097560975609756,1.3577866018545386,False,0,0,,Entrenched Leader,Entrenched Leader; share 8.3% (+320bps 5yr); 15 branches (+1 5yr); entered 2010,limited_service_offices:1|mixed_legacy_and_merger_branches
28940,"Knoxville, TN",TN,Metropolitan Statistical Area,Secondary Metro,High,1.1714,0.013338,1.190691,0.069718,1.39897,0.041232,1.285066,0.017333,0.539475,0.066726,1.091825,968137,7,7,0,0,3363821,same-branch 2020->2025 deposit CAGR 9.5% (7 of 7 branches matched both vintages with deposits at both endpoints),True,US metro+micro CBSAs,2007.0,18.0,7,7,0,0.0,2134914,3363821,17912102.0,23633992.0,176.0,59.0,3,0.11918835656474042,0.14232978499781163,231.4,0.03977272727272727,3.5785774513735493,False,0,0,,Entrenched Leader,Entrenched Leader; share 14.2% (+231bps 5yr); 7 branches (+0 5yr); entered 2007,
33100,"Miami-Fort Lauderdale-West Palm Beach, FL",FL,Metropolitan Statistical Area,Major Metro,High,0.4766,0.008272,0.562164,-0.059794,-1.728372,0.041401,1.294781,0.013784,0.306077,0.073905,1.853662,6391072,18,18,0,18,2956608,same-branch 2020->2025 deposit CAGR -7.8% (15 of 18 branches matched both vintages with deposits at both endpoints); 3 branch(es) with no 2020 SOD deposits,True,US metro+micro CBSAs,2019.0,6.0,21,18,-3,-0.1428571428571429,4190191,2956608,277277159.0,336259990.0,1333.0,156.0,3,0.01511192272422266,0.008792625016137067,-63.2,0.01350337584396099,0.6511427303617062,True,0,1019310,,Pulling Back,"Pulling Back; share 0.9% (-63bps 5yr); 18 branches (-3 5yr); entered 2019; via 2026 merger; CAUTION: $1.0bn booked IN to offices here between the 2020 and 2025 surveys (office-level book relocation, see methodology 8.6) -- check whether the move was intra-market (share unaffected) or cross-market (share delta is partly a booking change, not an operating result) before reading this label",all_branches_from_2026_synovus_merger|deposit_book_drop_-29pct:check_main_office_reallocation|book_relocation_in:$1.0bn_arrived_at_offices_in_this_market:stage_label_reflects_a_booking_move_not_only_operations
16860,"Chattanooga, TN-GA",GA|TN,Metropolitan Statistical Area,Secondary Metro,High,0.4338,0.010373,0.822796,0.045208,0.807127,0.026198,0.423044,0.013535,0.289708,0.054048,-0.253605,594530,7,6,1,3,2519276,same-branch 2020->2025 deposit CAGR 11.7% (5 of 7 branches matched both vintages with deposits at both endpoints); 2 branch(es) with no 2020 SOD deposits,True,US metro+micro CBSAs,2010.0,15.0,6,5,-1,-0.16666666666666663,1477698,2519276,10429311.0,12902563.0,105.0,30.0,2,0.14168702036021363,0.19525391970572048,535.7,0.047619047619047616,4.100332313820131,False,0,0,,Entrenched Leader,Entrenched Leader; share 19.5% (+536bps 5yr); 5 branches (-1 5yr); entered 2010,limited_service_offices:1|mixed_legacy_and_merger_branches
32820,"Memphis, TN-MS-AR",MS|TN,Metropolitan Statistical Area,Major Metro,Low,-0.5535,-0.000703,-0.551408,-0.029672,-1.000995,0.013849,-0.285027,-0.002689,-0.777246,0.053829,-0.276935,1341412,13,7,6,0,2468134,same-branch 2020->2025 deposit CAGR 14.5% (5 of 13 branches matched both vintages with deposits at both endpoints); 8 branch(es) with no 2020 SOD deposits,True,US metro+micro CBSAs,2010.0,15.0,6,7,1,0.16666666666666674,1225858,2468134,31970446.0,31812053.0,204.0,33.0,1,0.03834347509571809,0.07758487011196669,392.4,0.03431372549019608,2.2610447861201717,False,0,0,,Expanding,Expanding; share 7.8% (+392bps 5yr); 7 branches (+1 5yr); entered 2010,limited_service_offices:6
45300,"Tampa-St. Petersburg-Clearwater, FL",FL,Metropolitan Statistical Area,Major Metro,High,1.0665,0.014094,1.284392,0.04524,0.807897,0.048499,1.701731,0.01742,0.545221,0.063069,0.703682,3418895,14,14,0,14,2357167,same-branch 2020->2025 deposit CAGR 10.9% (13 of 14 branches matched both vintages with deposits at both endpoints); 1 branch(es) with no 2020 SOD deposits,True,US metro+micro CBSAs,2010.0,15.0,16,14,-2,-0.125,1492914,2357167,98305798.0,124953482.0,574.0,99.0,3,0.015186428780121393,0.018864356256994903,36.8,0.024390243902439025,0.773438606536791,True,0,0,12053@2020:1br,Established - Mature,Established - Mature; share 1.9% (+37bps 5yr); 14 branches (-2 5yr); entered 2010; via 2026 merger,all_branches_from_2026_synovus_merger|branches_2020_includes_cbsa_county_since_exited:12053@2020:1br
47900,"Washington-Arlington-Alexandria, DC-VA-MD-WV",MD|VA,Metropolitan Statistical Area,Major Metro,Medium,-0.27,0.006467,0.338219,-0.033233,-1.086986,0.021265,0.140211,0.000656,-0.557258,0.053198,-0.343824,6465724,4,4,0,0,2191341,no branch matched in both 2020 and 2025 SOD (4 branches); 4 branch(es) with no 2020 SOD deposits,True,US metro+micro CBSAs,2023.0,2.0,0,3,3,,0,2191341,194251546.0,195349842.0,591.0,110.0,4,0.0,0.011217521230449728,112.2,0.005076142131979695,2.2098516823985968,False,0,2140358,,New Entrant,"New Entrant; share 1.1% (+112bps 5yr); 3 branches (+3 5yr); entered 2023; CAUTION: $2.1bn booked IN to offices here between the 2020 and 2025 surveys (office-level book relocation, see methodology 8.6) -- check whether the move was intra-market (share unaffected) or cross-market (share delta is partly a booking change, not an operating result) before reading this label",book_relocation_in:$2.1bn_arrived_at_offices_in_this_market:stage_label_reflects_a_booking_move_not_only_operations
24660,"Greensboro-High Point, NC",NC,Metropolitan Statistical Area,Secondary Metro,Medium,0.1986,0.008036,0.532843,0.021723,0.240037,0.015955,-0.164281,0.000495,-0.56788,0.061397,0.526275,805945,13,11,2,0,2144815,same-branch 2020->2025 deposit CAGR 4.9% (11 of 13 branches matched both vintages with deposits at both endpoints),True,US metro+micro CBSAs,2017.0,8.0,13,13,0,0.0,1690314,2144815,14176875.0,14926748.0,124.0,32.0,2,0.11923036635365693,0.14368936891009348,244.6,0.10483870967741936,1.3705755188347377,False,0,0,,Entrenched Leader,Entrenched Leader; share 14.4% (+245bps 5yr); 13 branches (+0 5yr); entered 2017,limited_service_offices:2
16700,"Charleston-North Charleston, SC",SC,Metropolitan Statistical Area,Secondary Metro,High,1.2946,0.020498,2.078999,0.066685,1.325717,0.044818,1.490707,0.01942,0.676741,0.061692,0.557593,889263,22,18,4,9,2000187,same-branch 2020->2025 deposit CAGR 1.8% (15 of 22 branches matched both vintages with deposits at both endpoints); 6 branch(es) with no 2020 SOD deposits,True,US metro+micro CBSAs,2010.0,15.0,19,18,-1,-0.052631578947368474,1466038,2166108,17469438.0,23087727.0,198.0,71.0,3,0.083920158164218,0.09382075593669312,99.0,0.09090909090909091,1.0320283153036243,False,0,0,,Entrenched Leader,Entrenched Leader; share 9.4% (+99bps 5yr); 18 branches (-1 5yr); entered 2010,limited_service_offices:4|mixed_legacy_and_merger_branches
16740,"Charlotte-Concord-Gastonia, NC-SC",NC|SC,Metropolitan Statistical Area,Major Metro,High,1.0997,0.019499,1.954946,0.050443,0.933519,0.040982,1.270755,0.019384,0.674364,0.060477,0.428591,2938830,17,11,6,0,1733350,same-branch 2020->2025 deposit CAGR 9.8% (6 of 17 branches matched both vintages with deposits at both endpoints); 11 branch(es) with no 2020 SOD deposits,True,US metro+micro CBSAs,2010.0,15.0,8,11,3,0.375,1199514,1985853,327568514.0,465677361.0,376.0,92.0,5,0.0036618720931157625,0.004264439644941211,6.0,0.02925531914893617,0.14576630059071774,False,0,0,,Expanding,Expanding; share 0.4% (+6bps 5yr); 11 branches (+3 5yr); entered 2010,limited_service_offices:6
17900,"Columbia, SC",SC,Metropolitan Statistical Area,Secondary Metro,High,0.5235,0.011688,0.98591,0.041113,0.708235,0.030433,0.665879,0.00825,-0.05784,0.056368,-0.007465,879918,9,9,0,9,1608550,same-branch 2020->2025 deposit CAGR 5.2% (9 of 9 branches matched both vintages with deposits at both endpoints),True,US metro+micro CBSAs,2010.0,15.0,10,9,-1,-0.09999999999999998,1283998,1608550,23758288.0,26389845.0,147.0,48.0,3,0.054044213960197804,0.06095337051051266,69.1,0.061224489795918366,0.9955717183383734,True,0,0,,Expanding,Expanding; share 6.1% (+69bps 5yr); 9 branches (-1 5yr); entered 2010; via 2026 merger,all_branches_from_2026_synovus_merger
26620,"Huntsville, AL",AL,Metropolitan Statistical Area,Secondary Metro,High,1.5163,0.023799,2.488437,0.103249,2.20863,0.045289,1.517658,0.027422,1.203043,0.056343,-0.010129,556444,6,6,0,4,1439085,same-branch 2020->2025 deposit CAGR 5.3% (4 of 6 branches matched both vintages with deposits at both endpoints); 2 branch(es) with no 2020 SOD deposits,True,US metro+micro CBSAs,2010.0,15.0,5,6,1,0.19999999999999996,908412,1511799,10457896.0,12229097.0,118.0,49.0,2,0.08686374391177729,0.1236231097030304,367.6,0.05084745762711865,2.4312544908262645,False,0,0,,Entrenched Leader,Entrenched Leader; share 12.4% (+368bps 5yr); 6 branches (+1 5yr); entered 2010,mixed_legacy_and_merger_branches
12020,"Athens-Clarke County, GA",GA,Metropolitan Statistical Area,Small Metro,High,0.3324,0.007681,0.488839,0.010768,-0.024504,0.021798,0.170749,0.01245,0.218356,0.063459,0.745049,224148,6,6,0,6,1400910,same-branch 2020->2025 deposit CAGR 3.9% (6 of 6 branches matched both vintages with deposits at both endpoints),True,US metro+micro CBSAs,2010.0,15.0,8,6,-2,-0.25,1339524,1400910,4811592.0,5757549.0,40.0,27.0,2,0.2783951756508033,0.24331707815252637,-350.8,0.15,1.6221138543501759,True,0,0,,Entrenched Leader (consolidating),Entrenched Leader (consolidating); share 24.3% (-351bps 5yr); 6 branches (-2 5yr); entered 2010; via 2026 merger,all_branches_from_2026_synovus_merger
36740,"Orlando-Kissimmee-Sanford, FL",FL,Metropolitan Statistical Area,Major Metro,High,0.9928,0.01988,2.002286,0.021759,0.240894,0.044523,1.473759,0.019043,0.651968,0.060261,0.4057,2957672,6,6,0,6,1121753,same-branch 2020->2025 deposit CAGR 2.7% (5 of 6 branches matched both vintages with deposits at both endpoints); 1 branch(es) with no 2020 SOD deposits,True,US metro+micro CBSAs,2015.0,10.0,6,6,0,0.0,961691,1121753,50394903.0,55536759.0,346.0,65.0,2,0.019083100527051318,0.020198387882159274,11.2,0.017341040462427744,1.1647737012045183,True,0,0,12069@2020:1br,Established - Mature,Established - Mature; share 2.0% (+11bps 5yr); 6 branches (+0 5yr); entered 2015; via 2026 merger,all_branches_from_2026_synovus_merger|branches_2020_includes_cbsa_county_since_exited:12069@2020:1br
49180,"Winston-Salem, NC",NC,Metropolitan Statistical Area,Secondary Metro,Medium,0.2246,0.010379,0.823466,0.043704,0.770799,0.010417,-0.481804,0.003935,-0.341634,0.056791,0.037409,712206,7,6,1,0,1110521,same-branch 2020->2025 deposit CAGR 1.9% (6 of 7 branches matched both vintages with deposits at both endpoints); 1 branch(es) with no 2020 SOD deposits,True,US metro+micro CBSAs,2017.0,8.0,6,6,0,0.0,1011085,1110521,11773808.0,13205735.0,105.0,30.0,2,0.08587578462295291,0.08409384256158405,-17.8,0.05714285714285714,1.4716422448277209,False,0,447017,,Entrenched Leader,"Entrenched Leader; share 8.4% (-18bps 5yr); 6 branches (+0 5yr); entered 2017; CAUTION: $0.4bn booked IN to offices here between the 2020 and 2025 surveys (office-level book relocation, see methodology 8.6) -- check whether the move was intra-market (share unaffected) or cross-market (share delta is partly a booking change, not an operating result) before reading this label",limited_service_offices:1|book_relocation_in:$0.4bn_arrived_at_offices_in_this_market:stage_label_reflects_a_booking_move_not_only_operations
37860,"Pensacola-Ferry Pass-Brent, FL",FL,Metropolitan Statistical Area,Secondary Metro,High,0.8273,0.012721,1.114132,0.057433,1.102315,0.03619,0.995969,0.012114,0.196299,0.059992,0.377151,544949,7,7,0,7,1086916,same-branch 2020->2025 deposit CAGR 6.4% (7 of 7 branches matched both vintages with deposits at both endpoints),True,US metro+micro CBSAs,2010.0,15.0,8,7,-1,-0.125,850771,1086916,7628992.0,8178939.0,72.0,30.0,2,0.11151814027331527,0.13289205360255163,213.7,0.09722222222222222,1.3668896941976738,True,0,0,,Entrenched Leader,Entrenched Leader; share 13.3% (+214bps 5yr); 7 branches (-1 5yr); entered 2010; via 2026 merger,all_branches_from_2026_synovus_merger
39580,"Raleigh-Cary, NC",NC,Metropolitan Statistical Area,Major Metro,High,1.5402,0.023986,2.511676,0.070393,1.415266,0.045529,1.531441,0.026612,1.149736,0.064694,0.87615,1595720,7,6,1,0,928326,same-branch 2020->2025 deposit CAGR 10.5% (4 of 7 branches matched both vintages with deposits at both endpoints); 3 branch(es) with no 2020 SOD deposits,True,US metro+micro CBSAs,2017.0,8.0,4,6,2,0.5,485810,928326,31992044.0,98041470.0,241.0,37.0,1,0.015185337954648975,0.009468707476540284,-57.2,0.024896265560165973,0.38032641697436814,False,0,0,,Expanding,Expanding; share 0.9% (-57bps 5yr); 6 branches (+2 5yr); entered 2017,limited_service_offices:1
40220,"Roanoke, VA",VA,Metropolitan Statistical Area,Secondary Metro,Medium,-0.0384,0.000822,-0.362173,0.009821,-0.047373,0.018202,-0.035418,9.1e-05,-0.594443,0.061511,0.538332,316547,9,7,2,0,890670,same-branch 2020->2025 deposit CAGR 4.0% (7 of 9 branches matched both vintages with deposits at both endpoints); 2 branch(es) with no 2020 SOD deposits,True,US metro+micro CBSAs,2017.0,8.0,8,8,0,0.0,752270,890758,6579103.0,6698068.0,67.0,32.0,3,0.11434233511772046,0.1329873032044464,186.4,0.11940298507462686,1.1137686643372386,False,0,0,,Entrenched Leader,Entrenched Leader; share 13.3% (+186bps 5yr); 8 branches (+0 5yr); entered 2017,limited_service_offices:2
33860,"Montgomery, AL",AL,Metropolitan Statistical Area,Secondary Metro,Medium,-0.1192,0.001728,-0.249812,-0.008972,-0.501172,0.021126,0.132229,0.006498,-0.173101,0.058003,0.166122,388747,3,3,0,3,881825,same-branch 2020->2025 deposit CAGR -1.8% (3 of 3 branches matched both vintages with deposits at both endpoints),True,US metro+micro CBSAs,2010.0,15.0,3,3,0,0.0,963457,881825,8251209.0,8131083.0,69.0,32.0,2,0.11676555520530385,0.10845111284683726,-83.1,0.043478260869565216,2.494375595477257,True,0,0,,Entrenched Leader,Entrenched Leader; share 10.8% (-83bps 5yr); 3 branches (+0 5yr); entered 2010; via 2026 merger,all_branches_from_2026_synovus_merger
34820,"Myrtle Beach-Conway-North Myrtle Beach, SC",SC,Metropolitan Statistical Area,Secondary Metro,High,2.1821,0.03861,4.326018,0.212206,4.839621,0.047826,1.663142,-0.028488,-2.47398,0.056147,-0.030838,427551,6,6,0,3,875372,same-branch 2020->2025 deposit CAGR 7.8% (6 of 6 branches matched both vintages with deposits at both endpoints),True,US metro+micro CBSAs,2010.0,15.0,6,6,0,0.0,602559,875372,8067057.0,11970570.0,106.0,21.0,1,0.0746937823793733,0.07312701066031108,-15.7,0.05660377358490566,1.2919105216654956,False,0,0,,Established - Mature,Established - Mature; share 7.3% (-16bps 5yr); 6 branches (+0 5yr); entered 2010,mixed_legacy_and_merger_branches
44340,"Statesboro, GA",GA,Micropolitan Statistical Area,Micropolitan,High,1.0549,0.015526,1.462053,0.062053,1.213873,0.027827,0.516474,0.048116,2.564006,0.059797,0.356441,97977,3,3,0,3,809518,same-branch 2020->2025 deposit CAGR 9.6% (3 of 3 branches matched both vintages with deposits at both endpoints),True,US metro+micro CBSAs,2010.0,15.0,3,3,0,0.0,511084,809518,1464801.0,1982955.0,17.0,10.0,1,0.3489101932617468,0.408238210145969,593.3,0.17647058823529413,2.313349857493824,True,0,0,,Entrenched Leader,Entrenched Leader; share 40.8% (+593bps 5yr); 3 branches (+0 5yr); entered 2010; via 2026 merger,all_branches_from_2026_synovus_merger
18880,"Crestview-Fort Walton Beach-Destin, FL",FL,Metropolitan Statistical Area,Secondary Metro,High,1.1186,0.018161,1.788978,0.059132,1.143352,0.045068,1.505031,0.019172,0.660467,0.058705,0.240544,315098,5,5,0,5,806525,same-branch 2020->2025 deposit CAGR 10.5% (5 of 5 branches matched both vintages with deposits at both endpoints),True,US metro+micro CBSAs,2010.0,15.0,8,5,-3,-0.375,675706,806525,4640232.0,5094884.0,54.0,21.0,1,0.14561901215284062,0.15830095444763806,126.8,0.09259259259259259,1.7096503080344911,True,0,0,,Entrenched Leader,Entrenched Leader; share 15.8% (+127bps 5yr); 5 branches (-3 5yr); entered 2010; via 2026 merger,all_branches_from_2026_synovus_merger
27260,"Jacksonville, FL",FL,Metropolitan Statistical Area,Major Metro,High,1.3394,0.020526,2.082377,0.073842,1.498534,0.048467,1.699887,0.018392,0.609156,0.06022,0.40135,1785500,7,7,0,5,804394,same-branch 2020->2025 deposit CAGR 4.7% (5 of 7 branches matched both vintages with deposits at both endpoints); 2 branch(es) with no 2020 SOD deposits,True,US metro+micro CBSAs,2010.0,15.0,5,7,2,0.3999999999999999,579192,804394,92265611.0,116510346.0,233.0,59.0,3,0.006277441765383205,0.006904056400278822,6.3,0.030042918454935622,0.22980644875213793,False,0,0,,Expanding,Expanding; share 0.7% (+6bps 5yr); 7 branches (+2 5yr); entered 2010,mixed_legacy_and_merger_branches
47580,"Warner Robins, GA",GA,Metropolitan Statistical Area,Small Metro,Medium,0.2578,0.01582,1.498597,0.060686,1.180866,0.020303,0.08506,0.001218,-0.520293,0.043363,-1.387635,208091,4,4,0,4,696805,same-branch 2020->2025 deposit CAGR 8.0% (4 of 4 branches matched both vintages with deposits at both endpoints),True,US metro+micro CBSAs,2010.0,15.0,5,4,-1,-0.19999999999999996,516292,696805,2170661.0,2777431.0,30.0,15.0,2,0.23785012952275827,0.2508811199990207,130.3,0.13333333333333333,1.8816083999926552,True,0,0,,Entrenched Leader,Entrenched Leader; share 25.1% (+130bps 5yr); 4 branches (-1 5yr); entered 2010; via 2026 merger,all_branches_from_2026_synovus_merger
24860,"Greenville-Anderson-Greer, SC",SC,Metropolitan Statistical Area,Major Metro,High,0.7131,0.017302,1.682382,0.068117,1.360308,0.027325,0.487672,0.01218,0.20058,0.052194,-0.450385,1014101,7,6,1,3,644725,same-branch 2020->2025 deposit CAGR 7.3% (5 of 7 branches matched both vintages with deposits at both endpoints); 2 branch(es) with no 2020 SOD deposits,True,US metro+micro CBSAs,2010.0,15.0,8,7,-1,-0.125,501185,691043,16704864.0,21072174.0,182.0,51.0,2,0.03000233943838154,0.03279410088394297,27.9,0.038461538461538464,0.8526466229825171,False,0,0,45007@2020:1br,Established - Mature,Established - Mature; share 3.3% (+28bps 5yr); 7 branches (-1 5yr); entered 2010,limited_service_offices:1|mixed_legacy_and_merger_branches|branches_2020_includes_cbsa_county_since_exited:45007@2020:1br
34940,"Naples-Marco Island, FL",FL,Metropolitan Statistical Area,Secondary Metro,High,1.7194,0.02026,2.049438,0.056527,1.08043,0.062897,2.527304,0.025393,1.069564,0.07066,1.509354,417131,3,3,0,3,569308,same-branch 2020->2025 deposit CAGR -3.8% (3 of 3 branches matched both vintages with deposits at both endpoints),True,US metro+micro CBSAs,2010.0,15.0,4,3,-1,-0.25,767325,569308,20113515.0,18808493.0,126.0,38.0,1,0.038149721716964936,0.030268666394484663,-78.8,0.023809523809523808,1.271283988568356,True,0,0,,Pulling Back,Pulling Back; share 3.0% (-79bps 5yr); 3 branches (-1 5yr); entered 2010; via 2026 merger,all_branches_from_2026_synovus_merger|deposit_book_drop_-26pct:check_main_office_reallocation
46660,"Valdosta, GA",GA,Metropolitan Statistical Area,Small Metro,Medium,-0.281,0.006568,0.350716,0.012229,0.010769,0.013229,-0.320578,-0.00113,-0.67472,0.047109,-0.990045,153276,3,3,0,3,556329,same-branch 2020->2025 deposit CAGR 0.2% (3 of 3 branches matched both vintages with deposits at both endpoints),True,US metro+micro CBSAs,2010.0,15.0,4,3,-1,-0.25,600462,556329,2482750.0,3126224.0,31.0,13.0,1,0.24185358976940893,0.17795557835906833,-639.0,0.0967741935483871,1.8388743097103728,True,0,0,,Entrenched Leader (consolidating),Entrenched Leader (consolidating); share 17.8% (-639bps 5yr); 3 branches (-1 5yr); entered 2010; via 2026 merger,all_branches_from_2026_synovus_merger
46220,"Tuscaloosa, AL",AL,Metropolitan Statistical Area,Secondary Metro,Low,-0.37,0.005644,0.236072,0.014455,0.06452,0.007244,-0.663771,0.007008,-0.139519,0.044951,-1.219106,281850,3,3,0,3,553313,same-branch 2020->2025 deposit CAGR 5.5% (3 of 3 branches matched both vintages with deposits at both endpoints),True,US metro+micro CBSAs,2010.0,15.0,5,3,-2,-0.4,517316,553313,4094176.0,4523937.0,48.0,24.0,1,0.12635411863095283,0.12230784823042408,-40.5,0.0625,1.9569255716867853,True,0,0,,Entrenched Leader (consolidating),Entrenched Leader (consolidating); share 12.2% (-40bps 5yr); 3 branches (-2 5yr); entered 2010; via 2026 merger,all_branches_from_2026_synovus_merger
17420,"Cleveland, TN",TN,Metropolitan Statistical Area,Small Metro,High,0.5134,0.011848,1.005795,0.05843,1.126398,0.029264,0.598821,-0.012244,-1.405687,0.058091,0.175468,134057,1,1,0,0,512307,same-branch 2020->2025 deposit CAGR 25.0% (1 of 1 branches matched both vintages with deposits at both endpoints),True,US metro+micro CBSAs,2016.0,9.0,1,1,0,0.0,168104,512307,1912243.0,2571886.0,26.0,13.0,1,0.08790932951512961,0.19919506541114188,1112.9,0.038461538461538464,5.179071700689688,False,0,0,,Entrenched Leader,Entrenched Leader; share 19.9% (+1113bps 5yr); 1 branches (+0 5yr); entered 2016,
42340,"Savannah, GA",GA,Metropolitan Statistical Area,Secondary Metro,High,0.851,0.015764,1.49166,0.043887,0.77521,0.037697,1.082381,0.018908,0.643068,0.057826,0.147289,438314,3,3,0,3,452830,same-branch 2020->2025 deposit CAGR 0.4% (3 of 3 branches matched both vintages with deposits at both endpoints),True,US metro+micro CBSAs,2010.0,15.0,4,3,-1,-0.25,477326,452830,7227981.0,7914200.0,65.0,20.0,1,0.06603863513199605,0.05721740668671502,-88.2,0.046153846153846156,1.2397104782121586,True,0,0,,Pulling Back,Pulling Back; share 5.7% (-88bps 5yr); 3 branches (-1 5yr); entered 2010; via 2026 merger,all_branches_from_2026_synovus_merger
35840,"North Port-Bradenton-Sarasota, FL",FL,Metropolitan Statistical Area,Secondary Metro,High,1.7317,0.025037,2.642036,0.13325,2.933068,0.049651,1.767798,0.019895,0.708014,0.056806,0.039008,948158,6,6,0,6,441298,same-branch 2020->2025 deposit CAGR -8.8% (6 of 6 branches matched both vintages with deposits at both endpoints),True,US metro+micro CBSAs,2010.0,15.0,6,6,0,0.0,699521,441298,25126033.0,29931120.0,240.0,60.0,2,0.02784048719509363,0.01474378506383991,-131.0,0.025,0.5897514025535964,True,0,0,,Established - Mature,Established - Mature; share 1.5% (-131bps 5yr); 6 branches (+0 5yr); entered 2010; via 2026 merger,all_branches_from_2026_synovus_merger|deposit_book_drop_-37pct:check_main_office_reallocation
29300,"LaGrange, GA-AL",GA,Micropolitan Statistical Area,Micropolitan,High,0.4663,0.005952,0.274256,0.010792,-0.023922,0.026572,0.444503,0.047956,2.553436,0.058726,0.242781,107097,2,2,0,2,427968,same-branch 2020->2025 deposit CAGR 8.8% (2 of 2 branches matched both vintages with deposits at both endpoints),True,US metro+micro CBSAs,2010.0,15.0,3,2,-1,-0.33333333333333337,327588,427968,1229565.0,1597635.0,16.0,10.0,1,0.26642593112198215,0.26787595414472015,14.5,0.125,2.143007633157761,True,0,0,,Entrenched Leader,Entrenched Leader; share 26.8% (+14bps 5yr); 2 branches (-1 5yr); entered 2010; via 2026 merger,all_branches_from_2026_synovus_merger
45700,"Tifton, GA",GA,Micropolitan Statistical Area,Micropolitan,Medium,-0.0053,0.003415,-0.040473,0.003514,-0.199666,0.014125,-0.269225,0.028246,1.257193,0.055749,-0.073115,51237,1,1,0,1,410265,same-branch 2020->2025 deposit CAGR 3.4% (1 of 1 branches matched both vintages with deposits at both endpoints),True,US metro+micro CBSAs,2010.0,15.0,2,1,-1,-0.5,390809,410265,1143918.0,1312716.0,11.0,7.0,1,0.34164074697661895,0.31253142340003476,-291.1,0.09090909090909091,3.4378456574003824,True,0,0,,Entrenched Leader (consolidating),Entrenched Leader (consolidating); share 31.3% (-291bps 5yr); 1 branches (-1 5yr); entered 2010; via 2026 merger,all_branches_from_2026_synovus_merger
44940,"Sumter, SC",SC,Metropolitan Statistical Area,Small Metro,Low,-0.3673,-0.00065,-0.544783,-0.007058,-0.454951,0.018152,-0.038275,-0.011434,-1.352376,0.056501,0.00671,105067,2,2,0,2,390991,same-branch 2020->2025 deposit CAGR 3.1% (2 of 2 branches matched both vintages with deposits at both endpoints),True,US metro+micro CBSAs,2010.0,15.0,3,2,-1,-0.33333333333333337,389907,390991,1073724.0,1187925.0,11.0,7.0,1,0.363135219106586,0.32913778226739904,-340.0,0.18181818181818182,1.8102578024706946,True,0,0,,Entrenched Leader (consolidating),Entrenched Leader (consolidating); share 32.9% (-340bps 5yr); 2 branches (-1 5yr); entered 2010; via 2026 merger,all_branches_from_2026_synovus_merger
15980,"Cape Coral-Fort Myers, FL",FL,Metropolitan Statistical Area,Secondary Metro,High,1.4082,0.027222,2.91317,0.101582,2.168394,0.046896,1.609835,0.021682,0.82551,0.048904,-0.79951,875607,4,4,0,4,383686,same-branch 2020->2025 deposit CAGR -2.0% (4 of 4 branches matched both vintages with deposits at both endpoints),True,US metro+micro CBSAs,2010.0,15.0,5,4,-1,-0.19999999999999996,464240,383686,18590287.0,22291867.0,160.0,33.0,1,0.024972180364940037,0.017211927560845396,-77.6,0.025,0.6884771024338158,True,0,0,,Established - Mature,Established - Mature; share 1.7% (-78bps 5yr); 4 branches (-1 5yr); entered 2010; via 2026 merger,all_branches_from_2026_synovus_merger
45220,"Tallahassee, FL",FL,Metropolitan Statistical Area,Secondary Metro,High,0.4387,0.00603,0.284009,0.010076,-0.041213,0.039004,1.157329,0.014648,0.362923,0.060099,0.388556,397442,5,4,1,5,351483,same-branch 2020->2025 deposit CAGR -1.4% (3 of 5 branches matched both vintages with deposits at both endpoints); 2 branch(es) with no 2020 SOD deposits,True,US metro+micro CBSAs,2010.0,15.0,4,4,0,0.0,364305,351483,8612386.0,7923320.0,61.0,19.0,1,0.042300124495116685,0.04436057107374181,20.6,0.06557377049180328,0.6764987088745626,True,0,0,,Established - Mature,Established - Mature; share 4.4% (+21bps 5yr); 4 branches (+0 5yr); entered 2010; via 2026 merger,limited_service_offices:1|all_branches_from_2026_synovus_merger
10500,"Albany, GA",GA,Metropolitan Statistical Area,Small Metro,Low,-0.4454,-0.003713,-0.924873,-0.018929,-0.741583,0.01539,-0.196672,-0.006177,-1.006669,0.059555,0.330763,145510,3,2,1,3,351371,"same-branch 2020->2025 deposit CAGR 1.6% (2 of 3 branches matched both vintages with deposits at both endpoints); 1 branch(es) reported $0 in 2025 after an internal reallocation (32,440k of 2020 deposits) and are PAIRED WITH the receiving office(s) in the same market -- NORTHWEST BRANCH (uninum 250569, 77,719k->147,504k) -- so both sides of the move sit on the same side of the ratio",True,US metro+micro CBSAs,2010.0,15.0,4,3,-1,-0.25,351537,351371,2186717.0,2651981.0,25.0,17.0,2,0.16076017152653957,0.1324937848348084,-282.7,0.12,1.1041148736234032,True,0,0,,Entrenched Leader (consolidating),Entrenched Leader (consolidating); share 13.2% (-283bps 5yr); 3 branches (-1 5yr); entered 2010; via 2026 merger,limited_service_offices:1|all_branches_from_2026_synovus_merger
15660,"Calhoun, GA",GA,Micropolitan Statistical Area,Micropolitan,High,0.7646,0.013394,1.197522,0.061788,1.207469,0.026646,0.448704,0.011168,0.134072,0.061007,0.484859,61701,1,1,0,1,341389,same-branch 2020->2025 deposit CAGR 1.8% (1 of 1 branches matched both vintages with deposits at both endpoints),True,US metro+micro CBSAs,2010.0,15.0,2,1,-1,-0.5,353100,341389,987695.0,1083534.0,9.0,8.0,1,0.35749902550888685,0.3150699470436553,-424.3,0.1111111111111111,2.835629523392898,True,0,0,,Entrenched Leader (consolidating),Entrenched Leader (consolidating); share 31.5% (-424bps 5yr); 1 branches (-1 5yr); entered 2010; via 2026 merger,all_branches_from_2026_synovus_merger
12260,"Augusta-Richmond County, GA-SC",GA,Metropolitan Statistical Area,Secondary Metro,Medium,-0.1028,0.0093,0.689647,0.035773,0.579285,0.014577,-0.243262,0.000766,-0.550023,0.044771,-1.23816,641231,5,2,3,2,334622,same-branch 2020->2025 deposit CAGR 3.5% (2 of 5 branches matched both vintages with deposits at both endpoints); 3 branch(es) with no 2020 SOD deposits,True,US metro+micro CBSAs,2010.0,15.0,3,2,-1,-0.33333333333333337,281678,334622,6640075.0,7753776.0,65.0,32.0,2,0.04242090639036457,0.043156005538462806,7.4,0.03076923076923077,1.4025701800000412,True,0,0,,Established - Mature,Established - Mature; share 4.3% (+7bps 5yr); 2 branches (-1 5yr); entered 2010; via 2026 merger,limited_service_offices:3|mixed_legacy_and_merger_branches
20500,"Durham-Chapel Hill, NC",NC,Metropolitan Statistical Area,Secondary Metro,High,0.8616,0.014495,1.334153,0.021795,0.241767,0.045485,1.528922,0.020348,0.737767,0.060175,0.396622,625485,5,4,1,0,325769,same-branch 2020->2025 deposit CAGR 4.6% (3 of 5 branches matched both vintages with deposits at both endpoints); 2 branch(es) with no 2020 SOD deposits,True,US metro+micro CBSAs,2017.0,8.0,3,3,0,0.0,259566,325769,19618808.0,16562593.0,90.0,34.0,3,0.0132304674167768,0.0196689612550402,64.4,0.03333333333333333,0.590068837651206,False,0,0,,Expanding,Expanding; share 2.0% (+64bps 5yr); 3 branches (+0 5yr); entered 2017,limited_service_offices:1
21460,"Enterprise, AL",AL,Micropolitan Statistical Area,Micropolitan,High,0.8573,0.012319,1.064202,0.046406,0.836042,0.04767,1.654198,0.011451,0.152688,0.058208,0.187811,56953,1,1,0,1,308270,same-branch 2020->2025 deposit CAGR 11.9% (1 of 1 branches matched both vintages with deposits at both endpoints),True,US metro+micro CBSAs,2010.0,15.0,1,1,0,0.0,175349,308270,731577.0,1110971.0,11.0,9.0,1,0.23968632146718663,0.27747798997453577,377.9,0.09090909090909091,3.0522578897198933,True,0,0,,Entrenched Leader,Entrenched Leader; share 27.7% (+378bps 5yr); 1 branches (+0 5yr); entered 2010; via 2026 merger,all_branches_from_2026_synovus_merger
45620,"Thomasville, GA",GA,Micropolitan Statistical Area,Micropolitan,High,0.4304,0.002655,-0.134722,0.011862,0.001906,0.020021,0.068846,0.061887,3.469636,0.060534,0.434681,72958,3,2,1,3,303013,same-branch 2020->2025 deposit CAGR 4.1% (2 of 3 branches matched both vintages with deposits at both endpoints),True,US metro+micro CBSAs,2010.0,15.0,4,3,-1,-0.25,293268,303013,1556848.0,2087366.0,10.0,7.0,1,0.1883729175873303,0.145165246535586,-432.1,0.3,0.48388415511862,True,0,0,,Entrenched Leader (consolidating),Entrenched Leader (consolidating); share 14.5% (-432bps 5yr); 3 branches (-1 5yr); entered 2010; via 2026 merger,limited_service_offices:1|all_branches_from_2026_synovus_merger
38940,"Port St. Lucie, FL",FL,Metropolitan Statistical Area,Secondary Metro,High,2.0048,0.030199,3.282578,0.150132,3.340717,0.049108,1.736658,0.022059,0.850285,0.058061,0.17228,568721,4,3,1,4,281944,same-branch 2020->2025 deposit CAGR -2.5% (3 of 4 branches matched both vintages with deposits at both endpoints); 1 branch(es) with no 2020 SOD deposits,True,US metro+micro CBSAs,2019.0,6.0,3,3,0,0.0,319363,281944,10948153.0,13544732.0,84.0,28.0,2,0.029170491132157177,0.020815768078689192,-83.5,0.03571428571428571,0.5828415062032974,True,0,0,,Established - Mature,Established - Mature; share 2.1% (-84bps 5yr); 3 branches (+0 5yr); entered 2019; via 2026 merger,limited_service_offices:1|all_branches_from_2026_synovus_merger
39460,"Punta Gorda, FL",FL,Metropolitan Statistical Area,Small Metro,High,2.3251,0.029282,3.168808,0.197215,4.477637,0.057466,2.215882,0.028324,1.26231,0.055595,-0.089465,217212,3,3,0,3,280612,same-branch 2020->2025 deposit CAGR -4.1% (3 of 3 branches matched both vintages with deposits at both endpoints),True,US metro+micro CBSAs,2019.0,6.0,3,3,0,0.0,345742,280612,4444111.0,5711257.0,41.0,12.0,1,0.07779778677895309,0.049133141793479086,-286.6,0.07317073170731707,0.6714862711775476,True,0,0,,Established - Mature,Established - Mature; share 4.9% (-287bps 5yr); 3 branches (+0 5yr); entered 2019; via 2026 merger,all_branches_from_2026_synovus_merger
43900,"Spartanburg, SC",SC,Metropolitan Statistical Area,Secondary Metro,High,1.0502,0.027156,2.90498,0.122905,2.683274,0.019877,0.060621,0.008715,-0.027255,0.047307,-0.969002,407656,2,2,0,1,280353,same-branch 2020->2025 deposit CAGR 6.2% (2 of 2 branches matched both vintages with deposits at both endpoints),True,US metro+micro CBSAs,2010.0,15.0,3,2,-1,-0.33333333333333337,250754,280353,5676332.0,6149010.0,59.0,22.0,1,0.044175358312374964,0.045593193050588635,14.2,0.03389830508474576,1.3449991949923648,False,0,0,,Established - Mature,Established - Mature; share 4.6% (+14bps 5yr); 2 branches (-1 5yr); entered 2010,mixed_legacy_and_merger_branches
40660,"Rome, GA",GA,Metropolitan Statistical Area,Small Metro,Medium,-0.0763,0.005579,0.227942,0.026897,0.364974,0.017322,-0.085867,0.020237,0.730483,0.045407,-1.170645,101378,1,1,0,1,274118,same-branch 2020->2025 deposit CAGR -2.8% (1 of 1 branches matched both vintages with deposits at both endpoints),True,US metro+micro CBSAs,2010.0,15.0,2,1,-1,-0.5,353254,274118,1870829.0,2302065.0,13.0,8.0,1,0.18882217455470277,0.1190748306411852,-697.5,0.07692307692307693,1.5479727983354075,True,0,0,,Entrenched Leader (consolidating),Entrenched Leader (consolidating); share 11.9% (-698bps 5yr); 1 branches (-1 5yr); entered 2010; via 2026 merger,all_branches_from_2026_synovus_merger|deposit_book_drop_-22pct:check_main_office_reallocation
15260,"Brunswick-St. Simons, GA",GA,Metropolitan Statistical Area,Small Metro,High,0.7921,0.008689,0.613906,0.047398,0.860012,0.027764,0.512825,0.017076,0.522581,0.068702,1.301545,118524,3,2,1,3,269568,same-branch 2020->2025 deposit CAGR -0.6% (3 of 3 branches matched both vintages with deposits at both endpoints),True,US metro+micro CBSAs,2010.0,15.0,3,3,0,0.0,277559,269568,2379808.0,2951651.0,28.0,14.0,1,0.1166308374457099,0.09132787040202246,-253.0,0.10714285714285714,0.852393457085543,True,0,0,,Entrenched Leader,Entrenched Leader; share 9.1% (-253bps 5yr); 3 branches (+0 5yr); entered 2010; via 2026 merger,limited_service_offices:1|all_branches_from_2026_synovus_merger
31140,"Louisville/Jefferson County, KY-IN",KY,Metropolitan Statistical Area,Major Metro,Medium,0.0693,0.005734,0.247239,-0.003271,-0.363496,0.02059,0.101515,0.011387,0.148464,0.058858,0.256794,1402509,2,1,1,0,262666,no branch matched in both 2020 and 2025 SOD (2 branches); 2 branch(es) with no 2020 SOD deposits,True,US metro+micro CBSAs,2024.0,1.0,0,1,1,,0,262666,26829521.0,31687819.0,196.0,29.0,1,0.0,0.008289178879745557,82.9,0.00510204081632653,1.6246790604301293,False,0,0,,New Entrant,New Entrant; share 0.8% (+83bps 5yr); 1 branches (+1 5yr); entered 2024,limited_service_offices:1
19140,"Dalton, GA",GA,Metropolitan Statistical Area,Small Metro,Medium,-0.1264,0.006952,0.398386,0.013454,0.04035,0.021656,0.162604,0.005551,-0.235342,0.046463,-1.058627,147819,2,2,0,2,255026,same-branch 2020->2025 deposit CAGR 0.6% (2 of 2 branches matched both vintages with deposits at both endpoints),True,US metro+micro CBSAs,2010.0,15.0,2,2,0,0.0,247653,255026,2579158.0,3028604.0,25.0,14.0,2,0.09602087192797029,0.084205792503741,-118.2,0.08,1.0525724062967625,True,0,0,,Entrenched Leader,Entrenched Leader; share 8.4% (-118bps 5yr); 2 branches (+0 5yr); entered 2010; via 2026 merger,all_branches_from_2026_synovus_merger
10620,"Albemarle, NC",NC,Micropolitan Statistical Area,Micropolitan,High,1.3056,0.018941,1.885813,0.097246,2.063674,0.028442,0.551725,0.035444,1.730616,0.061452,0.532076,68830,2,2,0,0,234935,same-branch 2020->2025 deposit CAGR -1.4% (2 of 2 branches matched both vintages with deposits at both endpoints),True,US metro+micro CBSAs,2017.0,8.0,2,2,0,0.0,251464,234935,1145113.0,1470298.0,17.0,7.0,1,0.21959754190197822,0.15978733562855965,-598.1,0.11764705882352941,1.358192352842757,False,0,0,,Entrenched Leader,Entrenched Leader; share 16.0% (-598bps 5yr); 2 branches (+0 5yr); entered 2017,
19660,"Deltona-Daytona Beach-Ormond Beach, FL",FL,Metropolitan Statistical Area,Secondary Metro,High,1.4287,0.021423,2.193668,0.128531,2.819121,0.042936,1.382772,0.016778,0.502988,0.053899,-0.269423,746933,3,2,1,3,219358,same-branch 2020->2025 deposit CAGR -8.5% (2 of 3 branches matched both vintages with deposits at both endpoints); 1 branch(es) with no 2020 SOD deposits,True,US metro+micro CBSAs,2019.0,6.0,2,2,0,0.0,342247,219358,10707537.0,12348167.0,96.0,20.0,1,0.0319631863051232,0.0177644179901357,-142.0,0.020833333333333332,0.8526920635265136,True,0,0,,New Entrant,New Entrant; share 1.8% (-142bps 5yr); 2 branches (+0 5yr); entered 2019; via 2026 merger,limited_service_offices:1|all_branches_from_2026_synovus_merger|deposit_book_drop_-36pct:check_main_office_reallocation
11140,"Americus, GA",GA,Micropolitan Statistical Area,Micropolitan,Low,-1.2835,-0.003912,-0.949576,-0.018235,-0.724842,-0.019309,-2.186246,-0.01624,-1.668438,0.04605,-1.102473,33394,1,1,0,1,190396,same-branch 2020->2025 deposit CAGR 1.4% (1 of 1 branches matched both vintages with deposits at both endpoints),True,US metro+micro CBSAs,2010.0,15.0,2,2,0,0.0,177585,190396,616995.0,1001854.0,7.0,5.0,1,0.2878224296793329,0.19004365905610998,-977.8,0.2857142857142857,0.665152806696385,True,0,0,,Entrenched Leader,Entrenched Leader; share 19.0% (-978bps 5yr); 2 branches (+0 5yr); entered 2010; via 2026 merger,all_branches_from_2026_synovus_merger
20020,"Dothan, AL",AL,Metropolitan Statistical Area,Small Metro,Medium,0.1885,0.006645,0.360249,0.035985,0.584402,0.019389,0.032601,0.009346,0.014225,0.055062,-0.145984,156266,1,1,0,1,189383,same-branch 2020->2025 deposit CAGR 2.9% (1 of 1 branches matched both vintages with deposits at both endpoints),True,US metro+micro CBSAs,2010.0,15.0,1,1,0,0.0,164194,189383,3270595.0,3439129.0,34.0,14.0,1,0.050203097601506756,0.05506714054634182,48.6,0.029411764705882353,1.872282778575622,True,0,0,,Established - Mature,Established - Mature; share 5.5% (+49bps 5yr); 1 branches (+0 5yr); entered 2010; via 2026 merger,all_branches_from_2026_synovus_merger
43180,"Shelbyville, TN",TN,Micropolitan Statistical Area,Micropolitan,High,1.1661,0.018707,1.856735,0.065163,1.288985,0.038383,1.121728,0.023774,0.963111,0.061027,0.486967,55273,1,1,0,0,172443,same-branch 2020->2025 deposit CAGR 12.0% (1 of 1 branches matched both vintages with deposits at both endpoints),True,US metro+micro CBSAs,2006.0,19.0,1,1,0,0.0,97854,172443,937869.0,1257140.0,10.0,8.0,1,0.10433653314055588,0.13717087993381802,328.3,0.1,1.37170879933818,False,0,0,,Entrenched Leader,Entrenched Leader; share 13.7% (+328bps 5yr); 1 branches (+0 5yr); entered 2006,
25940,"Hilton Head Island-Bluffton-Port Royal, SC",SC,Metropolitan Statistical Area,Small Metro,High,1.3925,0.022889,2.375551,0.097828,2.077742,0.034723,0.911828,0.008159,-0.063853,0.064468,0.852196,242966,3,3,0,2,167688,same-branch 2020->2025 deposit CAGR 1.4% (3 of 3 branches matched both vintages with deposits at both endpoints),True,US metro+micro CBSAs,2010.0,15.0,3,3,0,0.0,156558,167688,5035647.0,6552016.0,52.0,20.0,1,0.031089947329509,0.025593344094397816,-55.0,0.057692307692307696,0.44361796430289546,False,0,0,,Established - Mature,Established - Mature; share 2.6% (-55bps 5yr); 3 branches (+0 5yr); entered 2010,mixed_legacy_and_merger_branches
13147,"Hart County, Georgia",GA,Rural county,Rural,High,1.0539,0.02053,1.732237,0.121058,2.033295,0.02836,0.342358,0.03596,1.76452,0.053825,-0.208193,28639,1,1,0,1,156021,same-branch 2020->2025 deposit CAGR 7.3% (1 of 1 branches matched both vintages with deposits at both endpoints),True,US counties,2010.0,15.0,1,1,0,0.0,109802,156021,425633.0,549795.0,5.0,5.0,1,0.25797341841445565,0.28378031811857146,258.1,0.2,1.4189015905928573,True,0,0,,Entrenched Leader,Entrenched Leader; share 28.4% (+258bps 5yr); 1 branches (+0 5yr); entered 2010; via 2026 merger,all_branches_from_2026_synovus_merger
15500,"Burlington, NC",NC,Metropolitan Statistical Area,Small Metro,High,0.7332,0.016412,1.57196,0.065673,1.30128,0.022096,0.187813,0.015584,0.424502,0.056523,0.008969,186177,1,1,0,0,143305,same-branch 2020->2025 deposit CAGR 15.3% (1 of 1 branches matched both vintages with deposits at both endpoints),True,US metro+micro CBSAs,2017.0,8.0,1,1,0,0.0,70424,143305,2581225.0,2705260.0,28.0,14.0,1,0.02728316981278269,0.05297272720551814,256.9,0.03571428571428571,1.4832363617545081,False,0,0,,Expanding,Expanding; share 5.3% (+257bps 5yr); 1 branches (+0 5yr); entered 2017,
31420,"Macon-Bibb County, GA",GA,Metropolitan Statistical Area,Small Metro,Low,-0.4189,0.004215,0.058712,0.023734,0.288588,0.003114,-0.900525,-0.011214,-1.337949,0.049711,-0.713898,238553,2,2,0,2,129232,same-branch 2020->2025 deposit CAGR 9.4% (1 of 2 branches matched both vintages with deposits at both endpoints); 1 branch(es) with no 2020 SOD deposits,True,US metro+micro CBSAs,2013.0,12.0,1,2,1,1.0,67214,129232,3789667.0,4344943.0,36.0,14.0,1,0.017736122989170287,0.029743082935725508,120.1,0.05555555555555555,0.5353754928430592,True,0,0,,Expanding,Expanding; share 3.0% (+120bps 5yr); 2 branches (+1 5yr); entered 2013; via 2026 merger,all_branches_from_2026_synovus_merger
13043,"Candler County, Georgia",GA,Rural county,Rural,Medium,-0.0361,0.004294,0.122546,0.040141,0.44848,0.022649,0.121742,-0.022028,-2.049094,0.057199,0.057382,11275,1,1,0,1,122400,same-branch 2020->2025 deposit CAGR 5.7% (1 of 1 branches matched both vintages with deposits at both endpoints),True,US counties,2010.0,15.0,1,1,0,0.0,92911,122400,241876.0,286429.0,5.0,4.0,1,0.384126577254461,0.42733103142489065,432.0,0.2,2.136655157124453,True,0,0,,Entrenched Leader,Entrenched Leader; share 42.7% (+432bps 5yr); 1 branches (+0 5yr); entered 2010; via 2026 merger,all_branches_from_2026_synovus_merger
37120,"Ozark, AL",AL,Micropolitan Statistical Area,Micropolitan,Medium,-0.0719,0.002609,-0.140499,0.006171,-0.135515,0.019731,0.052241,0.01168,0.167714,0.054832,-0.170424,49912,1,1,0,1,113704,same-branch 2020->2025 deposit CAGR 6.0% (1 of 1 branches matched both vintages with deposits at both endpoints),True,US metro+micro CBSAs,2010.0,15.0,1,1,0,0.0,85064,113704,374290.0,430813.0,7.0,6.0,1,0.22726762670656442,0.2639288972245499,366.6,0.14285714285714285,1.8475022805718493,True,0,0,,Entrenched Leader,Entrenched Leader; share 26.4% (+367bps 5yr); 1 branches (+0 5yr); entered 2010; via 2026 merger,all_branches_from_2026_synovus_merger
45061,"Lee County, South Carolina",SC,Rural county,Rural,Low,-0.4104,-0.010124,-1.306966,-0.036977,-1.061944,0.022635,0.121177,-0.001358,-0.689733,0.065746,0.730157,15730,1,1,0,1,112271,same-branch 2020->2025 deposit CAGR 8.4% (1 of 1 branches matched both vintages with deposits at both endpoints),True,US counties,2010.0,15.0,1,1,0,0.0,75163,112271,140487.0,187204.0,4.0,4.0,1,0.5350174749265056,0.5997254332172389,647.1,0.25,2.3989017328689557,True,0,0,,Entrenched Leader,Entrenched Leader; share 60.0% (+647bps 5yr); 1 branches (+0 5yr); entered 2010; via 2026 merger,all_branches_from_2026_synovus_merger
45027,"Clarendon County, South Carolina",SC,Rural county,Rural,Medium,0.3177,0.001365,-0.167883,0.037818,0.402972,0.037207,0.684162,-0.007421,-1.088461,0.068874,0.976379,31043,1,1,0,1,111499,same-branch 2020->2025 deposit CAGR 3.2% (1 of 1 branches matched both vintages with deposits at both endpoints),True,US counties,2010.0,15.0,1,1,0,0.0,95402,111499,373768.0,476333.0,7.0,5.0,1,0.2552438946084202,0.23407784050233765,-211.7,0.14285714285714285,1.6385448835163636,True,0,0,,Entrenched Leader,Entrenched Leader; share 23.4% (-212bps 5yr); 1 branches (+0 5yr); entered 2010; via 2026 merger,all_branches_from_2026_synovus_merger
17500,"Clewiston, FL",FL,Micropolitan Statistical Area,Micropolitan,High,1.2208,0.03506,3.885641,0.10553,2.263723,0.0206,0.10207,0.039455,1.994354,0.040307,-1.711872,61546,1,1,0,1,99853,same-branch 2020->2025 deposit CAGR 2.0% (1 of 1 branches matched both vintages with deposits at both endpoints),True,US metro+micro CBSAs,2019.0,6.0,1,1,0,0.0,90523,99853,521118.0,660346.0,5.0,3.0,1,0.1737092174900886,0.15121315189309847,-225.0,0.2,0.7560657594654924,True,0,0,,Entrenched Leader,Entrenched Leader; share 15.1% (-225bps 5yr); 1 branches (+0 5yr); entered 2019; via 2026 merger,all_branches_from_2026_synovus_merger
22500,"Florence, SC",SC,Metropolitan Statistical Area,Small Metro,Medium,-0.19,0.00171,-0.25203,0.015545,0.090847,0.01185,-0.399621,0.004946,-0.275154,0.054919,-0.161216,201392,1,1,0,1,95887,same-branch 2020->2025 deposit CAGR -0.8% (1 of 1 branches matched both vintages with deposits at both endpoints),True,US metro+micro CBSAs,2010.0,15.0,1,1,0,0.0,99741,95887,2830178.0,3472947.0,38.0,14.0,1,0.03524195297963591,0.027609692863150518,-76.3,0.02631578947368421,1.0491683287997198,True,0,0,,Established - Mature,Established - Mature; share 2.8% (-76bps 5yr); 1 branches (+0 5yr); entered 2010; via 2026 merger,all_branches_from_2026_synovus_merger
28680,"Kingsland, GA",GA,Micropolitan Statistical Area,Micropolitan,High,0.9277,0.018306,1.806983,0.069418,1.391723,0.027669,0.507365,0.018894,0.642133,0.057679,0.131659,60143,1,1,0,1,87901,same-branch 2020->2025 deposit CAGR 2.4% (1 of 1 branches matched both vintages with deposits at both endpoints),True,US metro+micro CBSAs,2010.0,15.0,1,1,0,0.0,77974,87901,327212.0,490493.0,6.0,5.0,1,0.2382981064264147,0.1792094892281847,-590.9,0.16666666666666666,1.0752569353691082,True,0,0,,Entrenched Leader,Entrenched Leader; share 17.9% (-591bps 5yr); 1 branches (+0 5yr); entered 2010; via 2026 merger,all_branches_from_2026_synovus_merger
31340,"Lynchburg, VA",VA,Metropolitan Statistical Area,Secondary Metro,Medium,-0.1365,0.005682,0.240829,0.030518,0.452398,0.009362,-0.542307,-0.006877,-1.052678,0.053707,-0.28986,269169,2,1,1,0,85498,no branch matched in both 2020 and 2025 SOD (2 branches); 2 branch(es) with no 2020 SOD deposits,True,US metro+micro CBSAs,2020.0,5.0,1,2,1,1.0,12060,85498,1442479.0,1840941.0,21.0,13.0,1,0.008360606982839958,0.046442553020439,380.8,0.09523809523809523,0.4876468067146095,False,0,0,,Expanding,Expanding; share 4.6% (+381bps 5yr); 2 branches (+1 5yr); entered 2020,limited_service_offices:1
37340,"Palm Bay-Melbourne-Titusville, FL",FL,Metropolitan Statistical Area,Secondary Metro,High,1.4982,0.017516,1.709006,0.103666,2.218696,0.057491,2.217301,0.017163,0.528353,0.059067,0.27895,663982,1,1,0,1,81298,same-branch 2020->2025 deposit CAGR -4.7% (1 of 1 branches matched both vintages with deposits at both endpoints),True,US metro+micro CBSAs,2019.0,6.0,2,1,-1,-0.5,167646,81298,10425094.0,11469064.0,88.0,18.0,1,0.016081006080137024,0.007088459877806942,-89.9,0.011363636363636364,0.6237844692470108,True,64190,0,,New Entrant,"New Entrant; share 0.7% (-90bps 5yr); 1 branches (-1 5yr); entered 2019; via 2026 merger; CAUTION: $0.1bn booked OUT of offices here between the 2020 and 2025 surveys (office-level book relocation, see methodology 8.6) -- check whether the move was intra-market (share unaffected) or cross-market (share delta is partly a booking change, not an operating result) before reading this label",all_branches_from_2026_synovus_merger|deposit_book_drop_-52pct:check_main_office_reallocation|book_relocation_out:$0.1bn_left_offices_in_this_market:stage_label_reflects_a_booking_move_not_only_operations
33660,"Mobile, AL",AL,Metropolitan Statistical Area,Secondary Metro,Medium,0.1104,-0.001334,-0.629629,-0.011373,-0.559132,0.034384,0.892404,0.004042,-0.334582,0.065256,0.935841,411658,1,1,0,1,73519,no branch matched in both 2020 and 2025 SOD (1 branches); 1 branch(es) with no 2020 SOD deposits,True,US metro+micro CBSAs,2010.0,15.0,2,1,-1,-0.5,53699,73519,8576702.0,10122650.0,105.0,25.0,1,0.006261031338153057,0.007262821494371533,10.0,0.009523809523809525,0.7625962569090109,True,38279,0,,Established - Mature,"Established - Mature; share 0.7% (+10bps 5yr); 1 branches (-1 5yr); entered 2010; via 2026 merger; CAUTION: $0.0bn booked OUT of offices here between the 2020 and 2025 surveys (office-level book relocation, see methodology 8.6) -- check whether the move was intra-market (share unaffected) or cross-market (share delta is partly a booking change, not an operating result) before reading this label",all_branches_from_2026_synovus_merger|book_relocation_out:$0.0bn_left_offices_in_this_market:stage_label_reflects_a_booking_move_not_only_operations
11700,"Asheville, NC",NC,Metropolitan Statistical Area,Secondary Metro,High,0.4424,0.007153,0.423256,0.036895,0.606393,0.023882,0.290261,-0.012191,-1.402184,0.0684,1.269512,422345,1,1,0,0,62425,same-branch 2020->2025 deposit CAGR 9.8% (1 of 1 branches matched both vintages with deposits at both endpoints),True,US metro+micro CBSAs,2017.0,8.0,1,1,0,0.0,39058,62425,6429462.0,7705109.0,65.0,21.0,1,0.006074847320040153,0.00810176728194241,20.3,0.015384615384615385,0.5266148733262566,False,0,0,,Established - Mature,Established - Mature; share 0.8% (+20bps 5yr); 1 branches (+0 5yr); entered 2017,
12580,"Baltimore-Columbia-Towson, MD",MD,Metropolitan Statistical Area,Major Metro,Low,-0.3402,0.000747,-0.371554,-0.018624,-0.734229,0.01646,-0.135306,0.001607,-0.494758,0.055957,-0.051105,2857781,1,1,0,0,55524,no branch matched in both 2020 and 2025 SOD (1 branches); 1 branch(es) with no 2020 SOD deposits,False,US metro+micro CBSAs,2024.0,1.0,0,1,1,,0,55524,9365146.0,9591310.0,54.0,17.0,1,0.0,0.005788990242208833,57.9,0.018518518518518517,0.312605473079277,False,0,0,,New Entrant,New Entrant; share 0.6% (+58bps 5yr); 1 branches (+1 5yr); entered 2024,
42680,"Sebastian-Vero Beach-West Vero Corridor, FL",FL,Metropolitan Statistical Area,Small Metro,High,1.2224,0.014935,1.388739,0.102908,2.200402,0.03065,0.678333,0.014535,0.355454,0.065931,1.007408,172799,1,1,0,1,46162,same-branch 2020->2025 deposit CAGR -9.6% (1 of 1 branches matched both vintages with deposits at both endpoints),True,US metro+micro CBSAs,2019.0,6.0,1,1,0,0.0,76324,46162,5305113.0,5938372.0,41.0,17.0,1,0.014386875453925299,0.007773510989207143,-66.1,0.024390243902439025,0.31871395055749285,True,0,0,,New Entrant,New Entrant; share 0.8% (-66bps 5yr); 1 branches (+0 5yr); entered 2019; via 2026 merger,all_branches_from_2026_synovus_merger|deposit_book_drop_-40pct:check_main_office_reallocation
19300,"Daphne-Fairhope-Foley, AL",AL,Metropolitan Statistical Area,Secondary Metro,High,1.8831,0.027979,3.007136,0.141088,3.122327,0.046205,1.570227,0.021796,0.832986,0.059258,0.299279,267761,2,2,0,1,35278,same-branch 2020->2025 deposit CAGR -10.9% (1 of 2 branches matched both vintages with deposits at both endpoints); 1 branch(es) with no 2020 SOD deposits,True,US metro+micro CBSAs,2010.0,15.0,1,1,0,0.0,62992,35278,5414793.0,6685421.0,85.0,27.0,1,0.011633316361308734,0.005276855414191567,-63.6,0.011764705882352941,0.4485327102062832,False,0,0,,Established - Mature,Established - Mature; share 0.5% (-64bps 5yr); 1 branches (+0 5yr); entered 2010,mixed_legacy_and_merger_branches|deposit_book_drop_-44pct:check_main_office_reallocation
14540,"Bowling Green, KY",KY,Metropolitan Statistical Area,Small Metro,High,0.9902,0.018317,1.808319,0.052512,0.983491,0.050641,1.824556,0.016123,0.459926,0.052481,-0.419928,197180,2,1,1,0,0,no branch matched in both 2020 and 2025 SOD (2 branches); 2 branch(es) with no 2020 SOD deposits,True,US metro+micro CBSAs,2023.0,2.0,0,1,1,,0,172876,2968557.0,3913925.0,52.0,21.0,1,0.0,0.044169471821764596,441.7,0.019230769230769232,2.296812534731759,False,0,0,,New Entrant,New Entrant; share 4.4% (+442bps 5yr); 1 branches (+1 5yr); entered 2023,limited_service_offices:1
19460,"Decatur, AL",AL,Metropolitan Statistical Area,Small Metro,Medium,0.2292,0.004963,0.151583,0.022224,0.252131,0.032222,0.768474,0.013176,0.266117,0.053876,-0.271898,160326,1,1,0,0,0,no branch matched in both 2020 and 2025 SOD (1 branches); 1 branch(es) with no 2020 SOD deposits,True,US metro+micro CBSAs,,,0,0,0,,0,0,2351959.0,2852545.0,30.0,14.0,1,0.0,0.0,0.0,0.0,,False,0,0,,New Entrant,New Entrant; share 0.0% (+0bps 5yr); 0 branches (+0 5yr); entered n/a,no_sod_history:entry_year_unavailable
19100,"Dallas-Fort Worth-Arlington, TX",TX,Metropolitan Statistical Area,Major Metro,High,0.8842,0.020282,2.052156,0.032802,0.507558,0.039334,1.176234,0.019738,0.6977,0.055341,-0.116385,8477157,2,0,2,0,0,no branch matched in both 2020 and 2025 SOD (2 branches); 2 branch(es) with no 2020 SOD deposits,False,US metro+micro CBSAs,,,0,0,0,,0,0,,,,,0,,,,,,False,0,0,,Limited-Service Foothold,Limited-Service Foothold; share n/a (n/a bps 5yr); 0 branches (+0 5yr); entered n/a,no_full_service_office:limited_service_presence_only|no_sod_history:entry_year_unavailable
21780,"Evansville, IN",IN,Metropolitan Statistical Area,Secondary Metro,Medium,-0.2186,0.003135,-0.075178,0.010166,-0.039045,0.024823,0.344204,-0.026751,-2.359749,0.055,-0.152628,273786,1,0,1,0,0,no branch matched in both 2020 and 2025 SOD (1 branches); 1 branch(es) with no 2020 SOD deposits,False,US metro+micro CBSAs,,,0,0,0,,0,0,,,,,0,,,,,,False,0,0,,Limited-Service Foothold,Limited-Service Foothold; share n/a (n/a bps 5yr); 0 branches (+0 5yr); entered n/a,no_full_service_office:limited_service_presence_only|no_sod_history:entry_year_unavailable
24780,"Greenville, NC",NC,Metropolitan Statistical Area,Small Metro,Medium,0.1309,0.010483,0.836383,0.029768,0.434295,0.014091,-0.271134,0.009559,0.028227,0.052382,-0.430471,182936,1,0,1,0,0,no branch matched in both 2020 and 2025 SOD (1 branches); 1 branch(es) with no 2020 SOD deposits,True,US metro+micro CBSAs,,,0,0,0,,0,0,,,,,0,,,,,,False,0,0,,Limited-Service Foothold,Limited-Service Foothold; share n/a (n/a bps 5yr); 0 branches (+0 5yr); entered n/a,no_full_service_office:limited_service_presence_only|no_sod_history:entry_year_unavailable
31080,"Los Angeles-Long Beach-Anaheim, CA",CA,Metropolitan Statistical Area,Major Metro,Low,-0.6876,-0.005185,-1.107459,-0.061621,-1.772467,0.011772,-0.404095,0.000859,-0.543919,0.060867,0.469972,12844441,1,0,1,0,0,no branch matched in both 2020 and 2025 SOD (1 branches); 1 branch(es) with no 2020 SOD deposits,False,US metro+micro CBSAs,,,0,0,0,,0,0,,,,,0,,,,,,False,0,0,,Limited-Service Foothold,Limited-Service Foothold; share n/a (n/a bps 5yr); 0 branches (+0 5yr); entered n/a,no_full_service_office:limited_service_presence_only|no_sod_history:entry_year_unavailable
