uninum,offname,city,county_fips,county_name,state,cbsa_code,cbsa_title,metro_micro,acquired_2026,deposits_2025_kusd,deposits_2020_kusd,source_cert,in_footprint_states,flags
10088,LA GRANGE BRANCH,Lagrange,13285,Troup,GA,29300,"LaGrange, GA-AL",Micropolitan,True,318556,193551,873,True,
11077,LORIS BRANCH,Loris,45051,Horry,SC,34820,"Myrtle Beach-Conway-North Myrtle Beach, SC",Metropolitan,True,59062,61514,873,True,
1139,DORA BRANCH,Dora,01127,Walker,AL,13820,"Birmingham, AL",Metropolitan,True,108373,85509,873,True,cbsa_override:file=27530->xw=13820
12618,LABELLE BRANCH,Labelle,12051,Hendry,FL,17500,"Clewiston, FL",Micropolitan,True,99853,90523,873,True,
13448,DOTHAN BRANCH,Dothan,01069,Houston,AL,20020,"Dothan, AL",Metropolitan,True,189383,164194,873,True,
1390,SUMTER BRANCH,Sumter,45085,Sumter,SC,44940,"Sumter, SC",Metropolitan,True,200938,268361,873,True,
13972,BREMEN BRANCH,Bremen,13143,Haralson,GA,12060,"Atlanta-Sandy Springs-Roswell, GA",Metropolitan,True,95819,64738,873,True,
14341,SOUTHPARK BRANCH,Carrollton,13045,Carroll,GA,12060,"Atlanta-Sandy Springs-Roswell, GA",Metropolitan,True,247621,81736,873,True,
14388,BANK OF COWETA BRANCH,Newnan,13077,Coweta,GA,12060,"Atlanta-Sandy Springs-Roswell, GA",Metropolitan,True,243549,125669,873,True,
14390,COASTAL BANK AND TRUST OF FLORIDA BRANCH,Pensacola,12033,Escambia,FL,37860,"Pensacola-Ferry Pass-Brent, FL",Metropolitan,True,599557,366716,873,True,
14409,WALKER BRANCH,La Fayette,13295,Walker,GA,16860,"Chattanooga, TN-GA",Metropolitan,True,68349,69998,873,True,
14656,MONTGOMERY BRANCH,Montgomery,01101,Montgomery,AL,33860,"Montgomery, AL",Metropolitan,True,747988,829469,873,True,
15103,SUMTER BANK AND TRUST COMPANY BRANCH,Americus,13261,Sumter,GA,11140,"Americus, GA",Micropolitan,True,190396,177585,873,True,
15122,LEHIGH BRANCH,Lehigh Acres,12071,Lee,FL,15980,"Cape Coral-Fort Myers, FL",Metropolitan,True,90665,92620,873,True,
152,THOMASVILLE BRANCH,Thomasville,13275,Thomas,GA,45620,"Thomasville, GA",Micropolitan,True,166725,181107,873,True,
15880,ASHEBORO DOWNTOWN,Asheboro,37151,Randolph,NC,24660,"Greensboro-High Point, NC",Metropolitan,False,225572,155816,35583,True,
17550,HUNTSVILLE BRANCH,Huntsville,01089,Madison,AL,26620,"Huntsville, AL",Metropolitan,True,513661,402804,873,True,
181337,EAST PINETREE BRANCH,Thomasville,13275,Thomas,GA,45620,"Thomasville, GA",Micropolitan,True,136288,66953,873,True,
1834,JASPER BRANCH,Jasper,01127,Walker,AL,13820,"Birmingham, AL",Metropolitan,True,294990,282827,873,True,cbsa_override:file=27530->xw=13820
186444,MIDTOWN BRANCH,Columbus,13215,Muscogee,GA,17980,"Columbus, GA-AL",Metropolitan,True,255641,111420,873,True,
186457,BRADLEY PARK BANKING CENTER,Columbus,13215,Muscogee,GA,17980,"Columbus, GA-AL",Metropolitan,True,245412,138299,873,True,
186470,COLUMBUS PARK CROSSING BRANCH,Columbus,13215,Muscogee,GA,17980,"Columbus, GA-AL",Metropolitan,True,137965,120682,873,True,
186475,RIVER ROAD BRANCH,Columbus,13215,Muscogee,GA,17980,"Columbus, GA-AL",Metropolitan,True,154859,109247,873,True,
186478,COMMISSARY BRANCH,Fort Benning,13053,Chattahoochee,GA,17980,"Columbus, GA-AL",Metropolitan,True,46494,41396,873,True,
186480,GLOBAL PAYMENTS CAMPUS BRANCH,Columbus,13215,Muscogee,GA,17980,"Columbus, GA-AL",Metropolitan,True,68958,79672,873,True,
191332,COLUMBIA BRANCH,Columbia,45079,Richland,SC,17900,"Columbia, SC",Metropolitan,True,913873,604896,873,True,
191333,MANNING BRANCH,Manning,45027,Clarendon,SC,RURAL,,,True,111499,95402,873,True,county_not_in_crosswalk|cbsa_override:file=44940->xw=RURAL
191335,BISHOPVILLE BRANCH,Bishopville,45061,Lee,SC,RURAL,,,True,112271,75163,873,True,county_not_in_crosswalk
191336,TRENHOLM PLAZA BRANCH,Columbia,45079,Richland,SC,17900,"Columbia, SC",Metropolitan,True,104298,87855,873,True,
191340,WILSON HALL ROAD,Sumter,45085,Sumter,SC,44940,"Sumter, SC",Metropolitan,True,190053,67150,873,True,
191342,SUMMERVILLE MAIN BRANCH,Summerville,45035,Dorchester,SC,16700,"Charleston-North Charleston, SC",Metropolitan,True,27609,35172,873,True,
191345,IRMO BRANCH,Irmo,45063,Lexington,SC,17900,"Columbia, SC",Metropolitan,True,120230,122727,873,True,
191348,CAMDEN BRANCH,Camden,45055,Kershaw,SC,17900,"Columbia, SC",Metropolitan,True,109073,85461,873,True,
191350,HILTON HEAD ISLAND BRANCH,Hilton Head Island,45013,Beaufort,SC,25940,"Hilton Head Island-Bluffton-Port Royal, SC",Metropolitan,True,49600,46319,873,True,
191351,CAYCE BRANCH,Cayce,45063,Lexington,SC,17900,"Columbia, SC",Metropolitan,True,90445,36856,873,True,
191354,WADE HAMPTON BRANCH,Taylors,45045,Greenville,SC,24860,"Greenville-Anderson-Greer, SC",Metropolitan,True,33504,42103,873,True,
191355,GREENVILLE MAIN BRANCH,Greenville,45045,Greenville,SC,24860,"Greenville-Anderson-Greer, SC",Metropolitan,True,256341,153349,873,True,
191356,FLORENCE BRANCH,Florence,45041,Florence,SC,22500,"Florence, SC",Metropolitan,True,95887,99741,873,True,
191358,FOUNDERS CENTRE BRANCH,Myrtle Beach,45051,Horry,SC,34820,"Myrtle Beach-Conway-North Myrtle Beach, SC",Metropolitan,True,111451,117585,873,True,
191361,MT. PLEASANT NORTH BRANCH,Mount Pleasant,45019,Charleston,SC,16700,"Charleston-North Charleston, SC",Metropolitan,True,91750,57454,873,True,
191363,WEST ASHLEY BRANCH,Charleston,45019,Charleston,SC,16700,"Charleston-North Charleston, SC",Metropolitan,True,30058,49836,873,True,
191364,BISHOP GADSDEN BRANCH,Charleston,45019,Charleston,SC,16700,"Charleston-North Charleston, SC",Metropolitan,True,,,,True,no_sod2025_match
194367,MEDICAL CENTER BRANCH,Jasper,01127,Walker,AL,13820,"Birmingham, AL",Metropolitan,True,66802,46607,873,True,cbsa_override:file=27530->xw=13820
207975,PORT CHARLOTTE BRANCH,Port Charlotte,12015,Charlotte,FL,39460,"Punta Gorda, FL",Metropolitan,True,71475,105480,873,True,
208049,MALL BRANCH,Statesboro,13031,Bulloch,GA,44340,"Statesboro, GA",Micropolitan,True,110855,81845,873,True,
221790,WESTSIDE BRANCH,Valdosta,13185,Lowndes,GA,46660,"Valdosta, GA",Metropolitan,True,76213,51882,873,True,
221793,LAKE PARK BRANCH,Lake Park,13185,Lowndes,GA,46660,"Valdosta, GA",Metropolitan,True,89206,63685,873,True,
224313,NICEVILLE BRANCH,Niceville,12091,Okaloosa,FL,18880,"Crestview-Fort Walton Beach-Destin, FL",Metropolitan,True,250863,107583,873,True,
224315,BLUEWATER BAY BRANCH,Niceville,12091,Okaloosa,FL,18880,"Crestview-Fort Walton Beach-Destin, FL",Metropolitan,True,104035,99511,873,True,
224319,DESTIN MIDBAY BRANCH,Destin,12091,Okaloosa,FL,18880,"Crestview-Fort Walton Beach-Destin, FL",Metropolitan,True,81299,85576,873,True,
226808,FAIRFIELD BRANCH,High Point,37081,Guilford,NC,24660,"Greensboro-High Point, NC",Metropolitan,False,85164,66564,35583,True,
226809,WESTCHESTER BRANCH,High Point,37081,Guilford,NC,24660,"Greensboro-High Point, NC",Metropolitan,False,76806,74684,35583,True,
226810,MAIN DRIVE-IN BRANCH,High Point,37081,Guilford,NC,24660,"Greensboro-High Point, NC",Metropolitan,False,0,0,35583,True,
226811,EASTCHESTER BRANCH,High Point,37081,Guilford,NC,24660,"Greensboro-High Point, NC",Metropolitan,False,45802,39810,35583,True,
230860,LOGANVILLE BRANCH,Loganville,13297,Walton,GA,12060,"Atlanta-Sandy Springs-Roswell, GA",Metropolitan,True,147668,131663,873,True,
235643,PARKWAY BANKING CENTER,Lagrange,13285,Troup,GA,29300,"LaGrange, GA-AL",Micropolitan,True,109412,87151,873,True,
238406,VILLA RICA BRANCH,Villa Rica,13045,Carroll,GA,12060,"Atlanta-Sandy Springs-Roswell, GA",Metropolitan,True,141622,73622,873,True,
238407,BOWDON BRANCH,Bowdon,13045,Carroll,GA,12060,"Atlanta-Sandy Springs-Roswell, GA",Metropolitan,True,55430,51264,873,True,
238828,TALLAPOOSA BRANCH,Tallapoosa,13143,Haralson,GA,12060,"Atlanta-Sandy Springs-Roswell, GA",Metropolitan,True,96490,70102,873,True,
239927,NORTH MYRTLE BEACH BRANCH,North Myrtle Beach,45051,Horry,SC,34820,"Myrtle Beach-Conway-North Myrtle Beach, SC",Metropolitan,True,228427,171940,873,True,
246673,NEWTON PLAZA BRANCH,Covington,13217,Newton,GA,12060,"Atlanta-Sandy Springs-Roswell, GA",Metropolitan,True,227783,67379,873,True,
246678,JONESBORO ROAD BRANCH,Mcdonough,13151,Henry,GA,12060,"Atlanta-Sandy Springs-Roswell, GA",Metropolitan,True,52846,46076,873,True,
249140,DOTHAN FINANCIAL CENTER BRANCH,Enterprise,01031,Coffee,AL,21460,"Enterprise, AL",Micropolitan,True,308270,175349,873,True,
249633,OZARK BRANCH,Ozark,01045,Dale,AL,37120,"Ozark, AL",Micropolitan,True,113704,85064,873,True,
250567,FIVE POINTS BRANCH,Albany,13095,Dougherty,GA,10500,"Albany, GA",Metropolitan,True,0,32440,873,True,
250569,NORTHWEST BRANCH,Albany,13095,Dougherty,GA,10500,"Albany, GA",Metropolitan,True,147504,77719,873,True,
251743,SENOIA BRANCH,Senoia,13077,Coweta,GA,12060,"Atlanta-Sandy Springs-Roswell, GA",Metropolitan,True,63079,62399,873,True,
251745,THOMAS CROSSROADS BRANCH,Newnan,13077,Coweta,GA,12060,"Atlanta-Sandy Springs-Roswell, GA",Metropolitan,True,59202,59769,873,True,
251778,EAST NINE MILE ROAD BRANCH,Pensacola,12033,Escambia,FL,37860,"Pensacola-Ferry Pass-Brent, FL",Metropolitan,True,55559,52180,873,True,
252431,TAYLOR ROAD BANKING CENTER BRANCH,Montgomery,01101,Montgomery,AL,33860,"Montgomery, AL",Metropolitan,True,94162,71067,873,True,
252432,PRATTVILLE BRANCH,Prattville,01001,Autauga,AL,33860,"Montgomery, AL",Metropolitan,True,39675,62921,873,True,
253659,THOMASVILLE ROAD BRANCH,Tallahassee,12073,Leon,FL,45220,"Tallahassee, FL",Metropolitan,True,121379,138724,873,True,
253660,NORTH MONROE STREET BRANCH,Tallahassee,12073,Leon,FL,45220,"Tallahassee, FL",Metropolitan,True,147617,135913,873,True,
255208,ASHEBORO EAST DIXIE BRANCH,Asheboro,37151,Randolph,NC,24660,"Greensboro-High Point, NC",Metropolitan,False,91449,64432,35583,True,
255835,PALM HARBOR BRANCH,Palm Harbor,12103,Pinellas,FL,45300,"Tampa-St. Petersburg-Clearwater, FL",Metropolitan,True,118348,131146,873,True,
255838,ST PETE BEACH BRANCH,Saint Pete Beach,12103,Pinellas,FL,45300,"Tampa-St. Petersburg-Clearwater, FL",Metropolitan,True,101898,75256,873,True,
255839,BRYAN DAIRY ROAD BRANCH,Largo,12103,Pinellas,FL,45300,"Tampa-St. Petersburg-Clearwater, FL",Metropolitan,True,99750,42657,873,True,
256753,CORDOVA BRANCH,Pensacola,12033,Escambia,FL,37860,"Pensacola-Ferry Pass-Brent, FL",Metropolitan,True,120253,120772,873,True,
256756,GULF BREEZE BRANCE,Gulf Breeze,12113,Santa Rosa,FL,37860,"Pensacola-Ferry Pass-Brent, FL",Metropolitan,True,84436,82588,873,True,
258098,MADISON BRANCH,Madison,01089,Madison,AL,26620,"Huntsville, AL",Metropolitan,True,326222,129695,873,True,
258218,HOUSTON LAKE ROAD BRANCH,Warner Robins,13153,Houston,GA,47580,"Warner Robins, GA",Metropolitan,True,147389,123042,873,True,
258219,871 WARREN DRIVE,Warner Robins,13153,Houston,GA,47580,"Warner Robins, GA",Metropolitan,True,225664,160740,873,True,
258854,LONGWOOD BRANCH,Longwood,12117,Seminole,FL,36740,"Orlando-Kissimmee-Sanford, FL",Metropolitan,True,215446,278177,873,True,
259222,DOWNTOWN BRANCH,Birmingham,01073,Jefferson,AL,13820,"Birmingham, AL",Metropolitan,True,46254,53203,873,True,
259224,CRESTLINE BRANCH,Mountain Brook,01073,Jefferson,AL,13820,"Birmingham, AL",Metropolitan,True,88650,65469,873,True,
259225,TRUSSVILLE BANKING CENTER BRANCH,Trussville,01073,Jefferson,AL,13820,"Birmingham, AL",Metropolitan,True,143269,146281,873,True,
259226,INVERNESS CORNERS BKNG. CTR. BRANCH,Birmingham,01117,Shelby,AL,13820,"Birmingham, AL",Metropolitan,True,49580,47224,873,True,
259228,PELHAM BRANCH,Pelham,01117,Shelby,AL,13820,"Birmingham, AL",Metropolitan,True,61852,41186,873,True,
259229,SOUTHBRIDGE - HOMEWOOD DRIVE-THRU FACILITY,Birmingham,01073,Jefferson,AL,13820,"Birmingham, AL",Metropolitan,True,0,0,873,True,
259693,SOUTH SARASOTA BRANCH,Sarasota,12115,Sarasota,FL,35840,"North Port-Bradenton-Sarasota, FL",Metropolitan,True,42652,107265,873,True,
259695,NORTH MIAMI BRANCH,North Miami Beach,12086,Miami-Dade,FL,33100,"Miami-Fort Lauderdale-West Palm Beach, FL",Metropolitan,True,127829,125666,873,True,
259696,MARGATE BRANCH,Margate,12011,Broward,FL,33100,"Miami-Fort Lauderdale-West Palm Beach, FL",Metropolitan,True,100370,138576,873,True,
260774,AMELIA CONCOURSE BRANCH,Yulee,12089,Nassau,FL,27260,"Jacksonville, FL",Metropolitan,True,58932,59633,873,True,
261321,NORTH CRESTVIEW BRANCH,Crestview,12091,Okaloosa,FL,18880,"Crestview-Fort Walton Beach-Destin, FL",Metropolitan,True,128408,92360,873,True,
261396,TAYLORVILLE BANKING CENTER BRANCH,Tuscaloosa,01125,Tuscaloosa,AL,46220,"Tuscaloosa, AL",Metropolitan,True,61588,62509,873,True,
261722,PEACHTREE CORNERS BANK BRANCH,Norcross,13135,Gwinnett,GA,12060,"Atlanta-Sandy Springs-Roswell, GA",Metropolitan,True,62404,64082,873,True,
262374,DEVINE STREET BRANCH,Columbia,45079,Richland,SC,17900,"Columbia, SC",Metropolitan,True,93455,111619,873,True,
262375,BROAD RIVER BRANCH,Columbia,45079,Richland,SC,17900,"Columbia, SC",Metropolitan,True,51606,72752,873,True,
265737,BEECHWOOD BRANCH,Athens,13059,Clarke,GA,12020,"Athens-Clarke County, GA",Metropolitan,True,174513,99186,873,True,
265738,BARNETT SHOALS BRANCH,Athens,13059,Clarke,GA,12020,"Athens-Clarke County, GA",Metropolitan,True,178766,134744,873,True,
265739,HARTWELL BRANCH,Hartwell,13147,Hart,GA,RURAL,,,True,156021,109802,873,True,county_not_in_crosswalk
265745,ATLANTA HIGHWAY BRANCH,Athens,13059,Clarke,GA,12020,"Athens-Clarke County, GA",Metropolitan,True,146545,106116,873,True,
265823,1625 FREDERICA ROAD BRANCH,St. Simons Island,13127,Glynn,GA,15260,"Brunswick-St. Simons, GA",Metropolitan,True,70701,64670,873,True,
276635,604 N MAIN ST BRANCH,Shelbyville,47003,Bedford,TN,43180,"Shelbyville, TN",Micropolitan,False,172443,97854,35583,True,
276637,1645 NORTHWEST BROAD STREET BRANCH,Murfreesboro,47149,Rutherford,TN,34980,"Nashville-Davidson--Murfreesboro--Franklin, TN",Metropolitan,False,13434,13499,35583,True,
276638,1745 MEMORIAL BLVD BRANCH,Murfreesboro,47149,Rutherford,TN,34980,"Nashville-Davidson--Murfreesboro--Franklin, TN",Metropolitan,False,79984,58203,35583,True,
276639,110-B BLVD BRANCH,Murfreesboro,47149,Rutherford,TN,34980,"Nashville-Davidson--Murfreesboro--Franklin, TN",Metropolitan,False,139893,101405,35583,True,
276640,SOUTHEAST BROAD BRANCH,Murfreesboro,47149,Rutherford,TN,34980,"Nashville-Davidson--Murfreesboro--Franklin, TN",Metropolitan,False,97271,75798,35583,True,
281400,LOCUST BRANCH,Locust,37167,Stanly,NC,10620,"Albemarle, NC",Micropolitan,False,94289,79245,35583,True,
283802,JASPER BANK BRANCH,Jasper,13227,Pickens,GA,12060,"Atlanta-Sandy Springs-Roswell, GA",Metropolitan,True,57192,53191,873,True,
283804,WOODSTOCK BANK BRANCH,Woodstock,13057,Cherokee,GA,12060,"Atlanta-Sandy Springs-Roswell, GA",Metropolitan,True,331656,247389,873,True,
283805,CANTON BANK BRANCH,Canton,13057,Cherokee,GA,12060,"Atlanta-Sandy Springs-Roswell, GA",Metropolitan,True,283335,238563,873,True,
283806,ROSWELL BANK BRANCH,Roswell,13121,Fulton,GA,12060,"Atlanta-Sandy Springs-Roswell, GA",Metropolitan,True,162995,207487,873,True,
283807,CRABAPPLE BANK BRANCH,Alpharetta,13121,Fulton,GA,12060,"Atlanta-Sandy Springs-Roswell, GA",Metropolitan,True,92107,159471,873,True,
288949,GREEN HILLS BRANCH,Nashville,47037,Davidson,TN,34980,"Nashville-Davidson--Murfreesboro--Franklin, TN",Metropolitan,True,37325,45498,873,True,
288950,BRENTWOOD BRANCH,Brentwood,47187,Williamson,TN,34980,"Nashville-Davidson--Murfreesboro--Franklin, TN",Metropolitan,True,46520,27876,873,True,
289721,ARCHDALE BRANCH,Archdale,37151,Randolph,NC,24660,"Greensboro-High Point, NC",Metropolitan,False,123611,81803,35583,True,
289722,LEXINGTON BRANCH,Lexington,37057,Davidson,NC,49180,"Winston-Salem, NC",Metropolitan,False,176820,48120,35583,True,
290310,TANGLEWOOD BRANCH,Roanoke,51161,Roanoke,VA,40220,"Roanoke, VA",Metropolitan,False,66474,78457,35583,True,
290311,SOUTH ROANOKE BRANCH,Roanoke,51770,Roanoke City,VA,40220,"Roanoke, VA",Metropolitan,False,56099,35093,35583,True,
290312,SALEM BRANCH,Salem,51775,Salem City,VA,40220,"Roanoke, VA",Metropolitan,False,46114,99163,35583,True,
290425,PASCO BANKING BRANCH,Port Richey,12101,Pasco,FL,45300,"Tampa-St. Petersburg-Clearwater, FL",Metropolitan,True,73119,92547,873,True,
290426,CLEARWATER BANKING BRANCH,Clearwater,12103,Pinellas,FL,45300,"Tampa-St. Petersburg-Clearwater, FL",Metropolitan,True,154490,59658,873,True,
290940,PINE FOREST BRANCH,Pensacola,12033,Escambia,FL,37860,"Pensacola-Ferry Pass-Brent, FL",Metropolitan,True,107171,82270,873,True,
32715,WINTER PARK BRANCH,Winter Park,12095,Orange,FL,36740,"Orlando-Kissimmee-Sanford, FL",Metropolitan,True,564325,405245,873,True,
32828,BUTLERS CROSSING BRANCH,Watkinsville,13219,Oconee,GA,12020,"Athens-Clarke County, GA",Metropolitan,True,225216,215552,873,True,
32917,BIRMINGHAM BRANCH,Birmingham,01073,Jefferson,AL,13820,"Birmingham, AL",Metropolitan,True,2639681,1594666,873,True,
334459,BLUFFTON BRANCH,Bluffton,45013,Beaufort,SC,25940,"Hilton Head Island-Bluffton-Port Royal, SC",Metropolitan,True,54601,52605,873,True,
334460,LEXINGTON BRANCH,Lexington,45063,Lexington,SC,17900,"Columbia, SC",Metropolitan,True,60720,49810,873,True,
35262,ENGLEWOOD BANK BRANCH,Englewood,12015,Charlotte,FL,39460,"Punta Gorda, FL",Metropolitan,True,87976,110100,873,True,
356490,2604 SOUTH CHURCH STREET BRANCH,Murfreesboro,47149,Rutherford,TN,34980,"Nashville-Davidson--Murfreesboro--Franklin, TN",Metropolitan,False,70773,52861,35583,True,
357169,PIEDMONT BRANCH,Huntsville,01089,Madison,AL,26620,"Huntsville, AL",Metropolitan,True,92061,141127,873,True,
357424,DANIEL ISLAND BRANCH,Daniel Island,45015,Berkeley,SC,16700,"Charleston-North Charleston, SC",Metropolitan,True,46405,56001,873,True,
358590,BANK OF THE SOUTH BRANCH,Mount Juliet,47189,Wilson,TN,34980,"Nashville-Davidson--Murfreesboro--Franklin, TN",Metropolitan,False,193484,136833,35583,True,
358862,MESSENGER SERVICE BRANCH,Port Orange,12127,Volusia,FL,19660,"Deltona-Daytona Beach-Ormond Beach, FL",Metropolitan,True,,,,True,no_sod2025_match
359747,NORTH BANKING CENTER,Phenix City,01113,Russell,AL,17980,"Columbus, GA-AL",Metropolitan,True,72853,47874,873,True,
35980,PEACHTREE NATIONAL BANK BRANCH,Peachtree City,13113,Fayette,GA,12060,"Atlanta-Sandy Springs-Roswell, GA",Metropolitan,True,219204,203861,873,True,
360057,BUFORD BANK BRANCH,Buford,13135,Gwinnett,GA,12060,"Atlanta-Sandy Springs-Roswell, GA",Metropolitan,True,110876,89182,873,True,
360058,CUMMING BANK BRANCH,Cumming,13117,Forsyth,GA,12060,"Atlanta-Sandy Springs-Roswell, GA",Metropolitan,True,136791,181656,873,True,
360320,CHAPEL HILL FARRINGTON ROAD BRANCH,Chapel Hill,37037,Chatham,NC,20500,"Durham-Chapel Hill, NC",Metropolitan,False,125665,97664,35583,True,
360506,FAYETTEVILLE FINANCIAL BRANCH,Fayetteville,13113,Fayette,GA,12060,"Atlanta-Sandy Springs-Roswell, GA",Metropolitan,True,101910,77199,873,True,
360604,WINDEMERE BRANCH,Orlando,12095,Orange,FL,36740,"Orlando-Kissimmee-Sanford, FL",Metropolitan,True,98003,133995,873,True,
360615,SURFSIDE BRANCH,Myrtle Beach,45051,Horry,SC,34820,"Myrtle Beach-Conway-North Myrtle Beach, SC",Metropolitan,False,43175,46300,35583,True,
360670,BRENTWOOD BRANCH,Brentwood,47187,Williamson,TN,34980,"Nashville-Davidson--Murfreesboro--Franklin, TN",Metropolitan,False,698127,422826,35583,True,
361214,HERSHBERGER BRANCH,Roanoke,51770,Roanoke City,VA,40220,"Roanoke, VA",Metropolitan,False,21670,22148,35583,True,
361343,FORT MYERS BRANCH,Fort Myers,12071,Lee,FL,15980,"Cape Coral-Fort Myers, FL",Metropolitan,True,196647,212057,873,True,
361471,TRACE CROSSINGS BRANCH,Hoover,01073,Jefferson,AL,13820,"Birmingham, AL",Metropolitan,True,80164,53665,873,True,
361774,DALTON BRANCH,Dalton,13313,Whitfield,GA,19140,"Dalton, GA",Metropolitan,True,121315,122825,873,True,
362594,ASHLAND CITY BRANCH,Ashland City,47021,Cheatham,TN,34980,"Nashville-Davidson--Murfreesboro--Franklin, TN",Metropolitan,False,250373,156793,35583,True,
362602,LEBANON BRANCH,Lebanon,47189,Wilson,TN,34980,"Nashville-Davidson--Murfreesboro--Franklin, TN",Metropolitan,False,51460,39482,35583,True,
362620,PUNTA GORDA BRANCH,Punta Gorda,12015,Charlotte,FL,39460,"Punta Gorda, FL",Metropolitan,True,121161,130162,873,True,
362926,DAVIE BRANCH,Davie,12011,Broward,FL,33100,"Miami-Fort Lauderdale-West Palm Beach, FL",Metropolitan,True,82466,70543,873,True,
363099,DELRAY BEACH BRANCH,Delray Beach,12099,Palm Beach,FL,33100,"Miami-Fort Lauderdale-West Palm Beach, FL",Metropolitan,True,51580,185053,873,True,
36353,JOHNSON FERRY BANK BRANCH,Marietta,13067,Cobb,GA,12060,"Atlanta-Sandy Springs-Roswell, GA",Metropolitan,True,146886,232726,873,True,
364136,OLDSMAR BRANCH,Oldsmar,12103,Pinellas,FL,45300,"Tampa-St. Petersburg-Clearwater, FL",Metropolitan,True,41810,56948,873,True,
364149,MAYBANK HIGHWAY BRANCH,Johns Island,45019,Charleston,SC,16700,"Charleston-North Charleston, SC",Metropolitan,False,49569,39075,35583,True,
364151,SAVANNAH HIGHWAY BRANCH,Charleston,45019,Charleston,SC,16700,"Charleston-North Charleston, SC",Metropolitan,False,30746,33388,35583,True,
364306,METTER BRANCH,Metter,13043,Candler,GA,RURAL,,,True,122400,92911,873,True,county_not_in_crosswalk
364509,VINTON BRANCH,Vinton,51161,Roanoke,VA,40220,"Roanoke, VA",Metropolitan,False,26757,27630,35583,True,
365237,CHASTAIN BANK BRANCH,Kennesaw,13067,Cobb,GA,12060,"Atlanta-Sandy Springs-Roswell, GA",Metropolitan,True,206409,138800,873,True,
365238,BUCKHEAD BANK BRANCH,Atlanta,13121,Fulton,GA,12060,"Atlanta-Sandy Springs-Roswell, GA",Metropolitan,True,295493,274602,873,True,
365352,PACE BRANCH,Pace,12113,Santa Rosa,FL,37860,"Pensacola-Ferry Pass-Brent, FL",Metropolitan,True,64380,42494,873,True,
365539,MIDLAND CROSSING BRANCH,Columbus,13215,Muscogee,GA,17980,"Columbus, GA-AL",Metropolitan,True,104244,57935,873,True,
366302,WEST MANATEE BRANCH,Bradenton,12081,Manatee,FL,35840,"North Port-Bradenton-Sarasota, FL",Metropolitan,True,34235,45631,873,True,
3858,IMMOKALEE BRANCH,Immokalee,12021,Collier,FL,34940,"Naples-Marco Island, FL",Metropolitan,True,80248,69380,873,True,
38655,CHAPEL HILL ROAD BRANCH,Douglasville,13097,Douglas,GA,12060,"Atlanta-Sandy Springs-Roswell, GA",Metropolitan,True,252818,309473,873,True,
38680,FERNANDINA BEACH BRANCH,Fernandina Beach,12089,Nassau,FL,27260,"Jacksonville, FL",Metropolitan,True,97622,102699,873,True,
3889,STATESBORO BRANCH,Statesboro,13031,Bulloch,GA,44340,"Statesboro, GA",Micropolitan,True,574478,338792,873,True,
39007,CALHOUN BRANCH,Calhoun,13129,Gordon,GA,15660,"Calhoun, GA",Micropolitan,True,341389,312460,873,True,
39022,FORT WALTON BEACH BRANCH,Fort Walton Beach,12091,Okaloosa,FL,18880,"Crestview-Fort Walton Beach-Destin, FL",Metropolitan,True,241920,104441,873,True,
39112,TUSCALOOSA BRANCH,Tuscaloosa,01125,Tuscaloosa,AL,46220,"Tuscaloosa, AL",Metropolitan,True,402650,288661,873,True,
39561,TUCKER BANK BRANCH,Tucker,13089,Dekalb,GA,12060,"Atlanta-Sandy Springs-Roswell, GA",Metropolitan,True,259406,247456,873,True,
39934,MARIETTA BANK BRANCH,Marietta,13067,Cobb,GA,12060,"Atlanta-Sandy Springs-Roswell, GA",Metropolitan,True,189205,189431,873,True,
40260,SPARTANBURG MAIN BRANCH,Spartanburg,45083,Spartanburg,SC,43900,"Spartanburg, SC",Metropolitan,True,161169,146322,873,True,
40631,ROME BRANCH,Rome,13115,Floyd,GA,40660,"Rome, GA",Metropolitan,True,274118,316205,873,True,
41059,ATHENS MAIN BRANCH,Athens,13059,Clarke,GA,12020,"Athens-Clarke County, GA",Metropolitan,True,626032,556668,873,True,
418421,MESSENGER SERVICE BRANCH,Port Saint Lucie,12111,St. Lucie,FL,38940,"Port St. Lucie, FL",Metropolitan,True,,,,True,no_sod2025_match
418455,MESSENGER SERVICE BRANCH,Mount Pleasant,45019,Charleston,SC,16700,"Charleston-North Charleston, SC",Metropolitan,False,,,,True,no_sod2025_match
418783,RIVERGATE BRANCH,Goodlettsville,47037,Davidson,TN,34980,"Nashville-Davidson--Murfreesboro--Franklin, TN",Metropolitan,False,519577,386193,35583,True,
419007,GREEN VALLEY OFFICE,Greensboro,37081,Guilford,NC,24660,"Greensboro-High Point, NC",Metropolitan,False,491340,280819,35583,True,
419024,NORTH MYRTLE BEACH BRANCH,North Myrtle Beach,45051,Horry,SC,34820,"Myrtle Beach-Conway-North Myrtle Beach, SC",Metropolitan,False,112609,36975,35583,True,
419128,MERRITT ISLAND BRANCH,Merritt Island,12009,Brevard,FL,37340,"Palm Bay-Melbourne-Titusville, FL",Metropolitan,True,81298,103456,873,True,
419236,DICKSON BRANCH,Dickson,47043,Dickson,TN,34980,"Nashville-Davidson--Murfreesboro--Franklin, TN",Metropolitan,False,101750,80148,35583,True,
419422,HIGH POINT BANK OPERATIONS CENTER BRANCH,High Point,37081,Guilford,NC,24660,"Greensboro-High Point, NC",Metropolitan,False,0,0,35583,True,
419556,SAM RIDLEY PKWY BRANCH,Smyrna,47149,Rutherford,TN,34980,"Nashville-Davidson--Murfreesboro--Franklin, TN",Metropolitan,False,54867,53256,35583,True,
419619,BISHOP GADSDEN BRANCH,Charleston,45019,Charleston,SC,16700,"Charleston-North Charleston, SC",Metropolitan,True,0,0,873,True,
419751,WESTSIDE CENTRE BRANCH,Huntsville,01089,Madison,AL,26620,"Huntsville, AL",Metropolitan,True,55318,88497,873,True,
419806,SMYRNA; S LOWRY OFFICE BRANCH,Smyrna,47149,Rutherford,TN,34980,"Nashville-Davidson--Murfreesboro--Franklin, TN",Metropolitan,False,102020,66978,35583,True,
423008,CORAL GABLES BRANCH,Coral Gables,12086,Miami-Dade,FL,33100,"Miami-Fort Lauderdale-West Palm Beach, FL",Metropolitan,True,188663,226041,873,True,
423016,COOL SPRINGS BRANCH,Franklin,47187,Williamson,TN,34980,"Nashville-Davidson--Murfreesboro--Franklin, TN",Metropolitan,False,927652,295677,35583,True,
423106,COOL SPRINGS BRANCH,Brentwood,47187,Williamson,TN,34980,"Nashville-Davidson--Murfreesboro--Franklin, TN",Metropolitan,False,327267,198121,35583,True,
423492,HAMILTON MILL BRANCH,Dacula,13135,Gwinnett,GA,12060,"Atlanta-Sandy Springs-Roswell, GA",Metropolitan,True,52516,47094,873,True,
424734,NORTHPORT BANKING CENTER,Northport,01125,Tuscaloosa,AL,46220,"Tuscaloosa, AL",Metropolitan,True,89075,72783,873,True,
42500,PERRY BRANCH,Perry,13153,Houston,GA,47580,"Warner Robins, GA",Metropolitan,True,173768,92764,873,True,
425155,STUART BRANCH,Stuart,12085,Martin,FL,38940,"Port St. Lucie, FL",Metropolitan,True,144710,163632,873,True,
429522,HIRAM BRANCH,Hiram,13223,Paulding,GA,12060,"Atlanta-Sandy Springs-Roswell, GA",Metropolitan,True,68036,74410,873,True,
429729,FORT PIERCE BRANCH,Fort Pierce,12111,St. Lucie,FL,38940,"Port St. Lucie, FL",Metropolitan,True,50048,74670,873,True,
429964,SUMMERVILLE BRANCH,Summerville,45035,Dorchester,SC,16700,"Charleston-North Charleston, SC",Metropolitan,False,103788,65365,35583,True,
430466,CHATTANOOGA BRANCH,Chattanooga,47065,Hamilton,TN,16860,"Chattanooga, TN-GA",Metropolitan,True,100349,89147,873,True,
431720,WEST END BRANCH,Nashville,47037,Davidson,TN,34980,"Nashville-Davidson--Murfreesboro--Franklin, TN",Metropolitan,False,408845,400340,35583,True,
432098,MALL BLVD BRANCH,Savannah,13051,Chatham,GA,42340,"Savannah, GA",Metropolitan,True,354014,316495,873,True,
43502,ALBEMARLE SECOND STREET BRANCH,Albemarle,37167,Stanly,NC,10620,"Albemarle, NC",Micropolitan,False,140646,172219,35583,True,
438932,FRANKLIN BRANCH,Franklin,47187,Williamson,TN,34980,"Nashville-Davidson--Murfreesboro--Franklin, TN",Metropolitan,False,263020,158066,35583,True,
439319,MARKET STREET BRANCH,Chattanooga,47065,Hamilton,TN,16860,"Chattanooga, TN-GA",Metropolitan,True,,,,True,no_sod2025_match
439425,PALM BEACH WEST BRANCH,West Palm Beach,12099,Palm Beach,FL,33100,"Miami-Fort Lauderdale-West Palm Beach, FL",Metropolitan,True,485775,829118,873,True,
44037,ALPHARETTA BRANCH,Alpharetta,13121,Fulton,GA,12060,"Atlanta-Sandy Springs-Roswell, GA",Metropolitan,True,675554,495505,873,True,
441936,HILTON HEAD WEXFORD BRANCH,Hilton Head Island,45013,Beaufort,SC,25940,"Hilton Head Island-Bluffton-Port Royal, SC",Metropolitan,False,63487,57634,35583,True,
442311,GOOSE CREEK BRANCH,Goose Creek,45015,Berkeley,SC,16700,"Charleston-North Charleston, SC",Metropolitan,False,27074,26643,35583,True,
442372,NORTH CAPE CORAL BRANCH,Cape Coral,12071,Lee,FL,15980,"Cape Coral-Fort Myers, FL",Metropolitan,True,42875,67545,873,True,
442943,W. ASHLEY CHARLESTON BRANCH,Charleston,45019,Charleston,SC,16700,"Charleston-North Charleston, SC",Metropolitan,False,116747,74615,35583,True,
443350,RIVER ROAD BRANCH,Columbus,13215,Muscogee,GA,17980,"Columbus, GA-AL",Metropolitan,True,,,,True,no_sod2025_match
443463,HENDERSONVILLE BRANCH,Hendersonville,47165,Sumner,TN,34980,"Nashville-Davidson--Murfreesboro--Franklin, TN",Metropolitan,False,270838,203251,35583,True,
444096,49TH STREET BRANCH,Saint Petersburg,12103,Pinellas,FL,45300,"Tampa-St. Petersburg-Clearwater, FL",Metropolitan,True,81278,82288,873,True,
446265,HIALEAH GARDENS BRANCH,Hialeah Gardens,12086,Miami-Dade,FL,33100,"Miami-Fort Lauderdale-West Palm Beach, FL",Metropolitan,True,47509,49014,873,True,
447216,SPARTANBURG BRANCH,Spartanburg,45083,Spartanburg,SC,43900,"Spartanburg, SC",Metropolitan,False,119184,61488,35583,True,
448965,HARRISBURG OFFICE,Harrisburg,37025,Cabarrus,NC,16740,"Charlotte-Concord-Gastonia, NC-SC",Metropolitan,False,87600,67445,35583,True,
448966,SALISBURY OFFICE,Salisbury,37159,Rowan,NC,16740,"Charlotte-Concord-Gastonia, NC-SC",Metropolitan,False,87735,65210,35583,True,
449793,SOUTH CUMBERLAND STREET BRANCH,Lebanon,47189,Wilson,TN,34980,"Nashville-Davidson--Murfreesboro--Franklin, TN",Metropolitan,False,334490,255556,35583,True,
45016,MEETING STREET BRANCH,Charleston,45019,Charleston,SC,16700,"Charleston-North Charleston, SC",Metropolitan,True,501029,324431,873,True,
450331,DORAL BRANCH,Doral,12086,Miami-Dade,FL,33100,"Miami-Fort Lauderdale-West Palm Beach, FL",Metropolitan,True,115385,156428,873,True,
450393,VERO BEACH BRANCH,Vero Beach,12061,Indian River,FL,42680,"Sebastian-Vero Beach-West Vero Corridor, FL",Metropolitan,True,46162,76324,873,True,
450832,OLD PEACHTREE BANK BRANCH,Suwanee,13135,Gwinnett,GA,12060,"Atlanta-Sandy Springs-Roswell, GA",Metropolitan,True,85602,81232,873,True,
451781,PINECREST SOUTH BRANCH,Pinecrest,12086,Miami-Dade,FL,33100,"Miami-Fort Lauderdale-West Palm Beach, FL",Metropolitan,True,58671,85490,873,True,
453006,WESTSHORE BRANCH,Tampa,12057,Hillsborough,FL,45300,"Tampa-St. Petersburg-Clearwater, FL",Metropolitan,True,940449,372617,873,True,
453007,WHEELER ROAD BRANCH,Augusta,13245,Richmond,GA,12260,"Augusta-Richmond County, GA-SC",Metropolitan,True,77216,68025,873,True,
453009,SCRANTON BRANCH,Brunswick,13127,Glynn,GA,15260,"Brunswick-St. Simons, GA",Metropolitan,True,146968,142864,873,True,
453047,DURHAM OFFICE,Durham,37063,Durham,NC,20500,"Durham-Chapel Hill, NC",Metropolitan,False,130725,87214,35583,True,
453052,DORCHESTER ROAD BRANCH,Charleston,45035,Dorchester,SC,16700,"Charleston-North Charleston, SC",Metropolitan,False,18740,20037,35583,True,
453324,CARTERSVILLE BRANCH,Cartersville,13015,Bartow,GA,12060,"Atlanta-Sandy Springs-Roswell, GA",Metropolitan,True,127565,89312,873,True,
453414,WILMINGTON ISLAND BRANCH,Savannah,13051,Chatham,GA,42340,"Savannah, GA",Metropolitan,True,48950,63303,873,True,
453624,SPRING HARBOR BRANCH,Columbus,13215,Muscogee,GA,17980,"Columbus, GA-AL",Metropolitan,True,0,0,873,True,
453832,WELCOME BRANCH,Lexington,37057,Davidson,NC,49180,"Winston-Salem, NC",Metropolitan,False,70553,58582,35583,True,
454248,HENDERSON BRANCH,Tampa,12057,Hillsborough,FL,45300,"Tampa-St. Petersburg-Clearwater, FL",Metropolitan,True,31151,28020,873,True,
454896,CHATTANOOGA SOUTHSIDE DRIVE THRU BRANCH,Chattanooga,47065,Hamilton,TN,16860,"Chattanooga, TN-GA",Metropolitan,False,2242556,1248756,35583,True,
456594,STATE ROAD 70 BRANCH,Bradenton,12081,Manatee,FL,35840,"North Port-Bradenton-Sarasota, FL",Metropolitan,True,62324,61270,873,True,
457222,MESSENGER SERVICE,Tallahassee,12073,Leon,FL,45220,"Tallahassee, FL",Metropolitan,True,,,,True,no_sod2025_match
457585,PARKER ROAD BRANCH,Conyers,13247,Rockdale,GA,12060,"Atlanta-Sandy Springs-Roswell, GA",Metropolitan,True,166997,417144,873,True,
457908,TRINITY BRANCH,Trinity,12101,Pasco,FL,45300,"Tampa-St. Petersburg-Clearwater, FL",Metropolitan,True,74412,42000,873,True,
458099,TAMIAMI BRANCH,Sarasota,12115,Sarasota,FL,35840,"North Port-Bradenton-Sarasota, FL",Metropolitan,True,42232,56256,873,True,
461000,EPPS BRIDGE ROAD BRANCH,Athens,13219,Oconee,GA,12020,"Athens-Clarke County, GA",Metropolitan,True,49838,47500,873,True,
461369,MARKET DISTRICT BRANCH,Statesboro,13031,Bulloch,GA,44340,"Statesboro, GA",Micropolitan,True,124185,90447,873,True,
461371,PAULSEN STREET BRANCH,Savannah,13051,Chatham,GA,42340,"Savannah, GA",Metropolitan,True,49866,65181,873,True,
461756,DONELSON PIKE BRANCH,Nashville,47037,Davidson,TN,34980,"Nashville-Davidson--Murfreesboro--Franklin, TN",Metropolitan,False,199829,132321,35583,True,
462467,EVANS BRANCH,Evans,13073,Columbia,GA,12260,"Augusta-Richmond County, GA-SC",Metropolitan,True,257406,213653,873,True,
463126,VENICE OFFICE BRANCH,Venice,12115,Sarasota,FL,35840,"North Port-Bradenton-Sarasota, FL",Metropolitan,True,55697,117214,873,True,
465213,NASHVILLE YARDS BRANCH,Nashville,47037,Davidson,TN,34980,"Nashville-Davidson--Murfreesboro--Franklin, TN",Metropolitan,False,13659117,42947,35583,True,
465488,MESSENGER SERVICE BRANCH,Greenville,45045,Greenville,SC,24860,"Greenville-Anderson-Greer, SC",Metropolitan,True,,,,True,no_sod2025_match
466479,KNOXVILLE NORTHSHORE BRANCH,Knoxville,47093,Knox,TN,28940,"Knoxville, TN",Metropolitan,False,2243706,1490705,35583,True,
466505,PARK WEST BRANCH,Mount Pleasant,45019,Charleston,SC,16700,"Charleston-North Charleston, SC",Metropolitan,False,67256,43930,35583,True,
467238,WESTSIDE BRANCH,Jacksonville,12031,Duval,FL,27260,"Jacksonville, FL",Metropolitan,True,55351,55733,873,True,
468142,CHAPEL HILL MLK BLVD BRANCH,Chapel Hill,37135,Orange,NC,20500,"Durham-Chapel Hill, NC",Metropolitan,False,69379,74688,35583,True,
468315,BURLINGTON OFFICE,Burlington,37001,Alamance,NC,15500,"Burlington, NC",Metropolitan,False,143305,70424,35583,True,
468421,DOWNTOWN ST. PETERSBURG BRANCH,Saint Petersburg,12103,Pinellas,FL,45300,"Tampa-St. Petersburg-Clearwater, FL",Metropolitan,True,147314,94917,873,True,
468530,CAPITAL CIRCLE BRANCH,Tallahassee,12073,Leon,FL,45220,"Tallahassee, FL",Metropolitan,True,42236,58820,873,True,
469120,SANDHILLS BRANCH,Columbia,45079,Richland,SC,17900,"Columbia, SC",Metropolitan,True,64850,75293,873,True,
469477,"COASTAL BANK & TRUST, A BRANCH OF COMMUNITY BANK AND TRUST OF SOUTHEAST ALABAMA",Daphne,01003,Baldwin,AL,19300,"Daphne-Fairhope-Foley, AL",Metropolitan,True,35278,62992,873,True,
469487,SANDY SPRINGS BRANCH,Sandy Springs,13121,Fulton,GA,12060,"Atlanta-Sandy Springs-Roswell, GA",Metropolitan,True,155333,176921,873,True,
470767,CYPRESS CREEK BRANCH,Wesley Chapel,12101,Pasco,FL,45300,"Tampa-St. Petersburg-Clearwater, FL",Metropolitan,True,32372,33144,873,True,
470781,CHURCH STREET BRANCH,Douglasville,13097,Douglas,GA,12060,"Atlanta-Sandy Springs-Roswell, GA",Metropolitan,True,57945,83844,873,True,
472091,ORMOND BEACH BRANCH,Ormond Beach,12127,Volusia,FL,19660,"Deltona-Daytona Beach-Ormond Beach, FL",Metropolitan,True,88316,162626,873,True,
472659,JOHNS CREEK BRANCH,Suwanee,13117,Forsyth,GA,12060,"Atlanta-Sandy Springs-Roswell, GA",Metropolitan,True,51473,51533,873,True,
473492,GREENVILLE MCBEE AVENUE BRANCH,Greenville,45045,Greenville,SC,24860,"Greenville-Anderson-Greer, SC",Metropolitan,False,232807,185111,35583,True,
473709,NASHVILLE OLD MO BRANCH,Nashville,47037,Davidson,TN,34980,"Nashville-Davidson--Murfreesboro--Franklin, TN",Metropolitan,False,169959,166891,35583,True,
47377,BANK OF NORTH CAROLINA BRANCH,Thomasville,37057,Davidson,NC,49180,"Winston-Salem, NC",Metropolitan,False,270995,543523,35583,True,
476597,APOPKA BRANCH,Apopka,12095,Orange,FL,36740,"Orlando-Kissimmee-Sanford, FL",Metropolitan,True,193099,134280,873,True,
47722,VESTAVIA BRANCH,Birmingham,01073,Jefferson,AL,13820,"Birmingham, AL",Metropolitan,True,44960,46053,873,True,
478320,NAVARRE OFFICE,Navarre,12113,Santa Rosa,FL,37860,"Pensacola-Ferry Pass-Brent, FL",Metropolitan,True,55560,51504,873,True,
479331,WINSTON SALEM PEACE HAVEN,Winston Salem,37067,Forsyth,NC,49180,"Winston-Salem, NC",Metropolitan,False,43849,13462,35583,True,
479948,NORTHSIDE BRANCH,Jacksonville,12031,Duval,FL,27260,"Jacksonville, FL",Metropolitan,True,438250,296722,873,True,
483138,OAKLAND BRANCH,Leesburg,13177,Lee,GA,10500,"Albany, GA",Metropolitan,True,203867,214127,873,True,
483140,HIGH POINT EASTCHESTER BRANCH,High Point,37081,Guilford,NC,24660,"Greensboro-High Point, NC",Metropolitan,False,132144,125458,35583,True,
483146,CHAMBLEE DUNWOOD ROAD BRANCH,Atlanta,13089,Dekalb,GA,12060,"Atlanta-Sandy Springs-Roswell, GA",Metropolitan,True,81030,47763,873,True,
489871,WEST BOCA BRANCH,Boca Raton,12099,Palm Beach,FL,33100,"Miami-Fort Lauderdale-West Palm Beach, FL",Metropolitan,True,36627,113260,873,True,
491166,SEA MARSH BRANCH,Saint Simons Island,13127,Glynn,GA,15260,"Brunswick-St. Simons, GA",Metropolitan,True,51899,70025,873,True,
492565,GERMANTOWN BRANCH,Germantown,47157,Shelby,TN,32820,"Memphis, TN-MS-AR",Metropolitan,False,73793,60219,35583,True,
492566,MEMPHIS BRANCH,Memphis,47157,Shelby,TN,32820,"Memphis, TN-MS-AR",Metropolitan,False,57591,55408,35583,True,
493044,GREEN HILLS BRANCH,Nashville,47037,Davidson,TN,34980,"Nashville-Davidson--Murfreesboro--Franklin, TN",Metropolitan,False,180146,413524,35583,True,
493272,JAMES ISLAND BRANCH,Charleston,45019,Charleston,SC,16700,"Charleston-North Charleston, SC",Metropolitan,True,62443,65438,873,True,
493434,CARY PRESTON CORNERS BRANCH,Cary,37183,Wake,NC,39580,"Raleigh-Cary, NC",Metropolitan,False,55835,23852,35583,True,
493995,NEW GARDEN BRANCH,Greensboro,37081,Guilford,NC,24660,"Greensboro-High Point, NC",Metropolitan,False,43780,30245,35583,True,
497944,BIRD ROAD BRANCH,Miami,12086,Miami-Dade,FL,33100,"Miami-Fort Lauderdale-West Palm Beach, FL",Metropolitan,True,282463,384432,873,True,
498650,FOUNTAIN CITY OFFICE,Knoxville,47093,Knox,TN,28940,"Knoxville, TN",Metropolitan,False,128064,111304,35583,True,
500165,BELLE MEADE BRANCH,Nashville,47037,Davidson,TN,34980,"Nashville-Davidson--Murfreesboro--Franklin, TN",Metropolitan,False,116632,213172,35583,True,
500307,FARRAGUT OFFICE BRANCH,Knoxville,47093,Knox,TN,28940,"Knoxville, TN",Metropolitan,False,341420,152297,35583,True,
508305,100 OAKS OFFICE BRANCH,Nashville,47037,Davidson,TN,34980,"Nashville-Davidson--Murfreesboro--Franklin, TN",Metropolitan,False,159333,75893,35583,True,
511425,WELLINGTON BRANCH,Wellington,12099,Palm Beach,FL,33100,"Miami-Fort Lauderdale-West Palm Beach, FL",Metropolitan,True,43989,58232,873,True,
512005,EAST COLUMBUS BANKING CENTER,Columbus,13215,Muscogee,GA,17980,"Columbus, GA-AL",Metropolitan,True,115405,72676,873,True,
512925,BONITA SPRINGS BRANCH,Bonita Springs,12071,Lee,FL,15980,"Cape Coral-Fort Myers, FL",Metropolitan,True,53499,51427,873,True,
518104,GERMANTOWN-FORREST HILL BRANCH,Germantown,47157,Shelby,TN,32820,"Memphis, TN-MS-AR",Metropolitan,False,61780,47083,35583,True,
518772,RALEIGH FALL OF NEUSE OFFICE,Raleigh,37183,Wake,NC,39580,"Raleigh-Cary, NC",Metropolitan,False,42604,53614,35583,True,
521338,MOORINGS BRANCH,Naples,12021,Collier,FL,34940,"Naples-Marco Island, FL",Metropolitan,True,135285,194769,873,True,
521339,VANDERBILT BRANCH,Naples,12021,Collier,FL,34940,"Naples-Marco Island, FL",Metropolitan,True,353775,426475,873,True,
521471,CHARLOTTE SOUTHPARK BRANCH,Charlotte,37119,Mecklenburg,NC,16740,"Charlotte-Concord-Gastonia, NC-SC",Metropolitan,False,593580,362221,35583,True,
526389,CAMDEN FINANCIAL BANKING CENTER BRANCH,Saint Marys,13039,Camden,GA,28680,"Kingsland, GA",Micropolitan,True,87901,77974,873,True,cbsa_override:file=41220->xw=28680
528022,GREENSBORO ELM STREET BRANCH,Greensboro,37081,Guilford,NC,24660,"Greensboro-High Point, NC",Metropolitan,False,110765,172018,35583,True,
539327,SEVEN OAKS BRANCH,Knoxville,47093,Knox,TN,28940,"Knoxville, TN",Metropolitan,False,79979,61162,35583,True,
540733,CLEVELAND LOCATION BRANCH,Cleveland,47011,Bradley,TN,17420,"Cleveland, TN",Metropolitan,False,512307,168104,35583,True,
540734,OAK RIDGE LOCATION BRANCH,Oak Ridge,47001,Anderson,TN,28940,"Knoxville, TN",Metropolitan,False,262759,134886,35583,True,
541044,FOLLY ROAD BRANCH,Charleston,45019,Charleston,SC,16700,"Charleston-North Charleston, SC",Metropolitan,False,43582,29877,35583,True,
541813,ASHEVILLE OFFICE,Asheville,37021,Buncombe,NC,11700,"Asheville, NC",Metropolitan,False,62425,39058,35583,True,
551268,STONEHENGE BRANCH,Raleigh,37183,Wake,NC,39580,"Raleigh-Cary, NC",Metropolitan,False,29243,22419,35583,True,
55597,ROANOKE CAMPBELL AVENUE BRANCH OFFICE,Roanoke,51770,Roanoke City,VA,40220,"Roanoke, VA",Metropolitan,False,638689,440500,35583,True,
557535,BONSACK BRANCH,Roanoke,51161,Roanoke,VA,40220,"Roanoke, VA",Metropolitan,False,34867,29390,35583,True,
559631,PELHAM ROAD BRANCH,Greenville,45045,Greenville,SC,24860,"Greenville-Anderson-Greer, SC",Metropolitan,False,59015,21844,35583,True,
563188,EMORY ROAD BRANCH,Knoxville,47093,Knox,TN,28940,"Knoxville, TN",Metropolitan,False,56037,59229,35583,True,
568565,STRATFORD ROAD BRANCH,Winston Salem,37067,Forsyth,NC,49180,"Winston-Salem, NC",Metropolitan,False,42970,289081,35583,True,
569314,"THE BANK OF NASHVILLE, A DIVISION OF SYNOVUS",Nashville,47037,Davidson,TN,34980,"Nashville-Davidson--Murfreesboro--Franklin, TN",Metropolitan,True,201457,210881,873,True,
57001,MYRTLE BEACH GRISSOM BRANCH,Myrtle Beach,45051,Horry,SC,34820,"Myrtle Beach-Conway-North Myrtle Beach, SC",Metropolitan,False,320648,168245,35583,True,
573176,DOWNTOWN SATASOTA BRANCH,Sarasota,12115,Sarasota,FL,35840,"North Port-Bradenton-Sarasota, FL",Metropolitan,True,204158,311885,873,True,
573464,EASLEY BRANCH,Easley,45077,Pickens,SC,24860,"Greenville-Anderson-Greer, SC",Metropolitan,False,63058,51772,35583,True,
577678,JACKSONVILLE BRANCH,Jacksonville,12031,Duval,FL,27260,"Jacksonville, FL",Metropolitan,True,77457,64405,873,True,
57788,KERNERSVILLE BRANCH,Kernersville,37067,Forsyth,NC,49180,"Winston-Salem, NC",Metropolitan,False,505334,58317,35583,True,
5793,PHENIX CITY BRANCH,Phenix City,01113,Russell,AL,17980,"Columbus, GA-AL",Metropolitan,True,276720,166230,873,True,
580607,FT LAUDERDALE RIO VISTA BRANCH,Fort Lauderdale,12011,Broward,FL,33100,"Miami-Fort Lauderdale-West Palm Beach, FL",Metropolitan,True,85520,155775,873,True,
581611,BOCA RATON BRANCH,Boca Raton,12099,Palm Beach,FL,33100,"Miami-Fort Lauderdale-West Palm Beach, FL",Metropolitan,True,32036,48159,873,True,
581995,MONROE BRANCH,Monroe,37179,Union,NC,16740,"Charlotte-Concord-Gastonia, NC-SC",Metropolitan,False,138794,77702,35583,True,
585478,MARYVILLE BRANCH,Maryville,47009,Blount,TN,28940,"Knoxville, TN",Metropolitan,False,251856,125331,35583,True,
585490,PINNACLE - ATOKA HOME LOAN CENTER,Atoka,47167,Tipton,TN,32820,"Memphis, TN-MS-AR",Metropolitan,False,,,,True,no_sod2025_match
589565,SHALLOWFORD ROAD OFFICE,Chattanooga,47065,Hamilton,TN,16860,"Chattanooga, TN-GA",Metropolitan,False,58885,32628,35583,True,
590144,PINNACLE BANK - SOUTHEAST MORTGAGE LOAN OFFICE,Memphis,47157,Shelby,TN,32820,"Memphis, TN-MS-AR",Metropolitan,False,,,,True,no_sod2025_match
590335,RALEIGH GLENWOOD AVE BRANCH,Raleigh,37183,Wake,NC,39580,"Raleigh-Cary, NC",Metropolitan,False,671946,385925,35583,True,
591421,OVERTON BRANCH,Atlanta,13067,Cobb,GA,12060,"Atlanta-Sandy Springs-Roswell, GA",Metropolitan,True,7888503,633543,873,True,
592414,CAPITOL VIEW OFFICE,Nashville,47037,Davidson,TN,34980,"Nashville-Davidson--Murfreesboro--Franklin, TN",Metropolitan,False,13613,351674,35583,True,
592416,SHADY GROVE BRANCH,Memphis,47157,Shelby,TN,32820,"Memphis, TN-MS-AR",Metropolitan,False,2101174,1014731,35583,True,
596457,BALLANTYNE OFFICE,Charlotte,37119,Mecklenburg,NC,16740,"Charlotte-Concord-Gastonia, NC-SC",Metropolitan,False,194007,122786,35583,True,
602981,JEFFERSON STREET DRIVE-THRU,Thomasville,13275,Thomas,GA,45620,"Thomasville, GA",Micropolitan,True,0,0,873,True,
603974,STONECREEK CENTER 2 LPO,Memphis,47157,Shelby,TN,32820,"Memphis, TN-MS-AR",Metropolitan,False,,,,True,no_sod2025_match
604532,MARTINEZ LPO,Martinez,13073,Columbia,GA,12260,"Augusta-Richmond County, GA-SC",Metropolitan,False,,,,True,no_sod2025_match
604533,NEWBURGH LPO,Newburgh,18173,Warrick,IN,21780,"Evansville, IN",Metropolitan,False,,,,False,no_sod2025_match
604534,SOUTHAVEN LPO,Southaven,28033,Desoto,MS,32820,"Memphis, TN-MS-AR",Metropolitan,False,,,,False,no_sod2025_match
604535,CHARLOTTE LPO,Charlotte,37119,Mecklenburg,NC,16740,"Charlotte-Concord-Gastonia, NC-SC",Metropolitan,False,,,,True,no_sod2025_match
604536,CONCORD LPO,Concord,37025,Cabarrus,NC,16740,"Charlotte-Concord-Gastonia, NC-SC",Metropolitan,False,,,,True,no_sod2025_match
604537,GREENVILLE LPO,Greenville,37147,Pitt,NC,24780,"Greenville, NC",Metropolitan,False,,,,True,no_sod2025_match
604538,MORRESVILLE LPO,Mooresville,37097,Iredell,NC,16740,"Charlotte-Concord-Gastonia, NC-SC",Metropolitan,False,,,,True,no_sod2025_match
604539,BARTLETT LPO,Bartlett,47157,Shelby,TN,32820,"Memphis, TN-MS-AR",Metropolitan,False,,,,True,no_sod2025_match
604540,HENDERSONVILLE LPO,Hendersonville,47165,Sumner,TN,34980,"Nashville-Davidson--Murfreesboro--Franklin, TN",Metropolitan,False,,,,True,no_sod2025_match
604543,WHITTEN ROAD LPO,Memphis,47157,Shelby,TN,32820,"Memphis, TN-MS-AR",Metropolitan,False,,,,True,no_sod2025_match
604544,IRVING LPO,Irving,48113,Dallas,TX,19100,"Dallas-Fort Worth-Arlington, TX",Metropolitan,False,,,,False,no_sod2025_match
604545,HARDY LPO,Hardy,51067,Franklin,VA,40220,"Roanoke, VA",Metropolitan,False,,,,True,no_sod2025_match
604546,ROANOKE LPO,Roanoke,51161,Roanoke,VA,40220,"Roanoke, VA",Metropolitan,False,,,,True,no_sod2025_match
604547,ANTIOCH LPO,Antioch,47037,Davidson,TN,34980,"Nashville-Davidson--Murfreesboro--Franklin, TN",Metropolitan,False,,,,True,no_sod2025_match
604548,LYNCHBURG LPO,Lynchburg,51680,Lynchburg City,VA,31340,"Lynchburg, VA",Metropolitan,False,,,,True,no_sod2025_match
604845,BOWMAN ROAD BRANCH,Macon,13021,Bibb,GA,31420,"Macon-Bibb County, GA",Metropolitan,True,105385,67214,873,True,
610425,EVANS LPO,Evans,13073,Columbia,GA,12260,"Augusta-Richmond County, GA-SC",Metropolitan,False,,,,True,no_sod2025_match
612658,UNION AVENUE OFFICE,Memphis,47157,Shelby,TN,32820,"Memphis, TN-MS-AR",Metropolitan,False,29783,4569,35583,True,
613563,HUNTERSVILLE LPO/DPO,Huntersville,37119,Mecklenburg,NC,16740,"Charlotte-Concord-Gastonia, NC-SC",Metropolitan,False,,,,True,no_sod2025_match
613564,NORTH DUKE CROSSING LPO/DPO,Durham,37063,Durham,NC,20500,"Durham-Chapel Hill, NC",Metropolitan,False,,,,True,no_sod2025_match
61547,SOUTHCOAST COMMUNITY BANK BRANCH,Mount Pleasant,45019,Charleston,SC,16700,"Charleston-North Charleston, SC",Metropolitan,False,171937,349735,35583,True,
616800,LAKE MARY BRANCH,Lake Mary,12117,Seminole,FL,36740,"Orlando-Kissimmee-Sanford, FL",Metropolitan,True,26658,9994,873,True,
617347,COMMERCIAL BLVD BRANCH,Oakland Park,12011,Broward,FL,33100,"Miami-Fort Lauderdale-West Palm Beach, FL",Metropolitan,True,17162,7459,873,True,
618551,OOLTEWAH OFFICE,Ooltewah,47065,Hamilton,TN,16860,"Chattanooga, TN-GA",Metropolitan,False,49137,5636,35583,True,
61926,CHARLOTTE 3RD STREET,Charlotte,37119,Mecklenburg,NC,16740,"Charlotte-Concord-Gastonia, NC-SC",Metropolitan,False,323438,195990,35583,True,
61932,PORT ST. LUCIE BRANCH,Port Saint Lucie,12111,St. Lucie,FL,38940,"Port St. Lucie, FL",Metropolitan,True,87186,81061,873,True,
621540,SHALLOWFORD BRANCH,Marietta,13067,Cobb,GA,12060,"Atlanta-Sandy Springs-Roswell, GA",Metropolitan,True,26674,3276,873,True,
622026,ATLANTA RIVERWOOD BRANCH,Atlanta,13067,Cobb,GA,12060,"Atlanta-Sandy Springs-Roswell, GA",Metropolitan,False,0,,35583,True,
624952,ATLANTA RIVERWOOD BRANCH,Atlanta,13067,Cobb,GA,12060,"Atlanta-Sandy Springs-Roswell, GA",Metropolitan,False,974474,29041,35583,True,
625247,CARROLLWOOD BRANCH,Tampa,12057,Hillsborough,FL,45300,"Tampa-St. Petersburg-Clearwater, FL",Metropolitan,True,364089,238784,873,True,
625381,LAKE NONA BRANCH,Orlando,12095,Orange,FL,36740,"Orlando-Kissimmee-Sanford, FL",Metropolitan,True,24222,,873,True,
626750,CHARLOTTE LPO BRANCH,Charlotte,37119,Mecklenburg,NC,16740,"Charlotte-Concord-Gastonia, NC-SC",Metropolitan,False,,,,True,no_sod2025_match
627633,MEDICAL CENTER PARKWAY OFFICE BRANCH,Murfreesboro,47149,Rutherford,TN,34980,"Nashville-Davidson--Murfreesboro--Franklin, TN",Metropolitan,False,34462,,35583,True,
628038,BARTLETT OFFICE BRANCH,Bartlett,47157,Shelby,TN,32820,"Memphis, TN-MS-AR",Metropolitan,False,122945,,35583,True,
629148,MARIETTA BLVD BRANCH,Atlanta,13121,Fulton,GA,12060,"Atlanta-Sandy Springs-Roswell, GA",Metropolitan,True,13855,,873,True,
632043,RALEIGH LPO BRANCH,Raleigh,37183,Wake,NC,39580,"Raleigh-Cary, NC",Metropolitan,False,,,,True,no_sod2025_match
632453,WINSTON SALEM SOUTH CHERRY STREET BRANCH,Winston Salem,37067,Forsyth,NC,49180,"Winston-Salem, NC",Metropolitan,False,,,,True,no_sod2025_match
633007,VARSITY PLAZA BRANCH,Tallahassee,12073,Leon,FL,45220,"Tallahassee, FL",Metropolitan,True,40251,,873,True,
633282,ATLANTA BUCKHEAD BRANCH,Atlanta,13121,Fulton,GA,12060,"Atlanta-Sandy Springs-Roswell, GA",Metropolitan,False,18358,,35583,True,
633709,IRVINE LPO BRANCH,Irvine,06059,Orange,CA,31080,"Los Angeles-Long Beach-Anaheim, CA",Metropolitan,False,,,,False,no_sod2025_match
633710,GALLATIN BRANCH,Gallatin,47165,Sumner,TN,34980,"Nashville-Davidson--Murfreesboro--Franklin, TN",Metropolitan,False,245942,,35583,True,
634513,AUGUSTA LPO BRANCH,Augusta,13073,Columbia,GA,12260,"Augusta-Richmond County, GA-SC",Metropolitan,False,,,,True,no_sod2025_match
641605,BOYNTON BEACH BRANCH,Boynton Beach,12099,Palm Beach,FL,33100,"Miami-Fort Lauderdale-West Palm Beach, FL",Metropolitan,True,106519,,873,True,
641623,BIENVILLE SQUARE BRANCH,Mobile,01097,Mobile,AL,33660,"Mobile, AL",Metropolitan,True,73519,,873,True,
641640,HUNTERSVILLE-BIRKDALE BRANCH,Huntersville,37119,Mecklenburg,NC,16740,"Charlotte-Concord-Gastonia, NC-SC",Metropolitan,False,170249,,35583,True,
6435,THE CITIZENS BANK BRANCH,Fort Valley,13225,Peach,GA,47580,"Warner Robins, GA",Metropolitan,True,149984,98157,873,True,
6441,VALDOSTA BRANCH,Valdosta,13185,Lowndes,GA,46660,"Valdosta, GA",Metropolitan,True,390910,434896,873,True,
644718,ROCK HILL LPO BRANCH,Rock Hill,45091,York,SC,16740,"Charlotte-Concord-Gastonia, NC-SC",Metropolitan,False,,,,True,no_sod2025_match
644882,MURFREESBORO COLLEGE STREET BRANCH,Murfreesboro,47149,Rutherford,TN,34980,"Nashville-Davidson--Murfreesboro--Franklin, TN",Metropolitan,False,1644622,,35583,True,
645967,MEMPHIS WHITEHAVEN OFFICE BRANCH,Memphis,47157,Shelby,TN,32820,"Memphis, TN-MS-AR",Metropolitan,False,21068,,35583,True,
646422,WESTON COMMONS BRANCH,Weston,12011,Broward,FL,33100,"Miami-Fort Lauderdale-West Palm Beach, FL",Metropolitan,True,74734,,873,True,
647882,DALLAS LPO BRANCH,Irving,48113,Dallas,TX,19100,"Dallas-Fort Worth-Arlington, TX",Metropolitan,False,,,,False,no_sod2025_match
649716,SUMMERVILLE NEXTON OFFICE BRANCH,Summerville,45015,Berkeley,SC,16700,"Charleston-North Charleston, SC",Metropolitan,False,,,,True,no_sod2025_match
650171,MULBERRY STREET BRANCH,Macon,13021,Bibb,GA,31420,"Macon-Bibb County, GA",Metropolitan,True,23847,,873,True,
650214,HUNTSVILLE MADISON STREET OFFICE BRANCH,Huntsville,01089,Madison,AL,26620,"Huntsville, AL",Metropolitan,False,451823,,35583,True,
650752,MCCLEAN OFFICE BRANCH,Mclean,51059,Fairfax,VA,47900,"Washington-Arlington-Alexandria, DC-VA-MD-WV",Metropolitan,False,2140358,,35583,True,
651862,BIRMINGHAM - BROOKWOOD VILLAGE BRANCH,Birmingham,01073,Jefferson,AL,13820,"Birmingham, AL",Metropolitan,False,482452,,35583,True,
652190,DOWNTOWN FORT LAUDERDALE BRANCH,Fort Lauderdale,12011,Broward,FL,33100,"Miami-Fort Lauderdale-West Palm Beach, FL",Metropolitan,True,1019310,,873,True,
652348,BOWLING GREEN LPO BRANCH,Bowling Green,21227,Warren,KY,14540,"Bowling Green, KY",Metropolitan,False,,,,True,no_sod2025_match
652406,NASHVILLE INNOVATION CENTER BRANCH,Nashville,47037,Davidson,TN,34980,"Nashville-Davidson--Murfreesboro--Franklin, TN",Metropolitan,False,6101,,35583,True,
653566,ATLANTA AVALON BRANCH,Alpharetta,13121,Fulton,GA,12060,"Atlanta-Sandy Springs-Roswell, GA",Metropolitan,False,55978,,35583,True,
655276,RALEIGH - WAKEFIELD BRANCH,Raleigh,37183,Wake,NC,39580,"Raleigh-Cary, NC",Metropolitan,False,52782,,35583,True,
656356,CHARLESTON MORRISON YARDS BRANCH,Charleston,45019,Charleston,SC,16700,"Charleston-North Charleston, SC",Metropolitan,False,611454,,35583,True,
657000,LOUISVILLE LPO BRANCH,Louisville,21111,Jefferson,KY,31140,"Louisville/Jefferson County, KY-IN",Metropolitan,False,,,,True,no_sod2025_match
657708,DOWNTOWN TAMPA BRANCH,Tampa,12057,Hillsborough,FL,45300,"Tampa-St. Petersburg-Clearwater, FL",Metropolitan,True,96687,,873,True,
661607,NASHVILLE BUCHANAN STREET BRANCH,Nashville,47037,Davidson,TN,34980,"Nashville-Davidson--Murfreesboro--Franklin, TN",Metropolitan,False,6771,,35583,True,
662241,LYNCHBURG - FORREST ROAD BRANCH,Lynchburg,51019,Bedford,VA,31340,"Lynchburg, VA",Metropolitan,False,85498,,35583,True,
663157,"BETHESDA, MD BRANCH",Bethesda,24031,Montgomery,MD,47900,"Washington-Arlington-Alexandria, DC-VA-MD-WV",Metropolitan,False,4820,,35583,False,
665208,BIRMINGHAM ENGLISH VILLAGE BRANCH,Mountain Brook,01073,Jefferson,AL,13820,"Birmingham, AL",Metropolitan,False,2744,,35583,True,
665339,JACKSONVILLE RIVERSIDE BRANCH,Jacksonville,12031,Duval,FL,27260,"Jacksonville, FL",Metropolitan,False,76748,,35583,True,
665340,PONTE VEDRA BEACH BRANCH,Ponte Vedra,12109,St. Johns,FL,27260,"Jacksonville, FL",Metropolitan,False,34,,35583,True,
665363,"COLUMBIA, MD BRANCH",Columbia,24027,Howard,MD,12580,"Baltimore-Columbia-Towson, MD",Metropolitan,False,55524,,35583,False,
665366,RALEIGH THE VILLAGE DISTRICT BRANCH,Raleigh,37183,Wake,NC,39580,"Raleigh-Cary, NC",Metropolitan,False,75916,,35583,True,
665472,LOUISVILLE HUBBARDS LANE OFFICE BRANCH,Louisville,21111,Jefferson,KY,31140,"Louisville/Jefferson County, KY-IN",Metropolitan,False,262666,,35583,True,
665618,ARLINGTON WILSON BLVD. OFFICE BRANCH,Arlington,51013,Arlington,VA,47900,"Washington-Arlington-Alexandria, DC-VA-MD-WV",Metropolitan,False,46163,,35583,True,
665624,CITY CENTER BRANCH,Birmingham,01073,Jefferson,AL,13820,"Birmingham, AL",Metropolitan,True,638,,873,True,
667643,PEER CENTER IN CHARLOTTE BRANCH,Charlotte,37119,Mecklenburg,NC,16740,"Charlotte-Concord-Gastonia, NC-SC",Metropolitan,False,227,,35583,True,
670807,ATLANTA NORTHYARDS PEER CENTER BRANCH,Atlanta,13121,Fulton,GA,12060,"Atlanta-Sandy Springs-Roswell, GA",Metropolitan,False,11439,,35583,True,
670813,ATLANTA SUGARLOAF LPO BRANCH,Duluth,13135,Gwinnett,GA,12060,"Atlanta-Sandy Springs-Roswell, GA",Metropolitan,False,,,,True,no_sod2025_match
672980,SYNOVUS PLACE BRANCH,Columbus,13215,Muscogee,GA,17980,"Columbus, GA-AL",Metropolitan,True,4221214,,873,True,
674938,ATLANTA SUGARLOAF BRANCH,Duluth,13135,Gwinnett,GA,12060,"Atlanta-Sandy Springs-Roswell, GA",Metropolitan,False,998,,35583,True,
675163,CONCORD BRANCH,Concord,37025,Cabarrus,NC,16740,"Charlotte-Concord-Gastonia, NC-SC",Metropolitan,False,137720,,35583,True,
675291,NASHVILLE SYMPHONY BRANCH,Nashville,47037,Davidson,TN,34980,"Nashville-Davidson--Murfreesboro--Franklin, TN",Metropolitan,False,612,,35583,True,
677127,TENTH ST BRANCH,Columbus,13215,Muscogee,GA,17980,"Columbus, GA-AL",Metropolitan,True,0,,873,True,
677597,BOWLING GREEN - LOVERS LANE BRANCH,Bowling Green,21227,Warren,KY,14540,"Bowling Green, KY",Metropolitan,False,,,,True,no_sod2025_match
679235,CARNES CROSSROADS BRANCH,Summerville,45015,Berkeley,SC,16700,"Charleston-North Charleston, SC",Metropolitan,True,,,,True,no_sod2025_match
679460,MOORESVILLE LAKE NORMAN BRANCH,Mooresville,37097,Iredell,NC,16740,"Charlotte-Concord-Gastonia, NC-SC",Metropolitan,False,,,,True,no_sod2025_match
679525,DURHAM NORTH DUKE STREET BRANCH,Durham,37063,Durham,NC,20500,"Durham-Chapel Hill, NC",Metropolitan,False,,,,True,no_sod2025_match
681863,DECATUR BRANCH,Decatur,01103,Morgan,AL,19460,"Decatur, AL",Metropolitan,False,,,,True,no_sod2025_match
682053,SOUTH BLVD BRANCH,Charlotte,37119,Mecklenburg,NC,16740,"Charlotte-Concord-Gastonia, NC-SC",Metropolitan,False,,,,True,no_sod2025_match
682054,FREEMAN AVE BRANCH,Athens,01083,Limestone,AL,26620,"Huntsville, AL",Metropolitan,False,,,,True,no_sod2025_match
682055,BUTLER RD BRANCH,Greenville,45045,Greenville,SC,24860,"Greenville-Anderson-Greer, SC",Metropolitan,False,,,,True,no_sod2025_match
682172,FAIRHOPE BRANCH,Fairhope,01003,Baldwin,AL,19300,"Daphne-Fairhope-Foley, AL",Metropolitan,False,,,,True,no_sod2025_match
682408,HIXSON BRANCH,Hixson,47065,Hamilton,TN,16860,"Chattanooga, TN-GA",Metropolitan,False,,,,True,no_sod2025_match
684441,LEESBURG BRANCH,Leesburg,51107,Loudoun,VA,47900,"Washington-Arlington-Alexandria, DC-VA-MD-WV",Metropolitan,False,,,,True,no_sod2025_match
686774,CARNES CROSSROADS BRANCH,Summerville,45015,Berkeley,SC,16700,"Charleston-North Charleston, SC",Metropolitan,False,,,,True,no_sod2025_match
7450,THIRD AVENUE BRANCH,Chatsworth,13213,Murray,GA,19140,"Dalton, GA",Metropolitan,True,133711,124828,873,True,
7799,HIGH POINT BANK AND TRUST COMPANY BRANCH,High Point,37081,Guilford,NC,24660,"Greensboro-High Point, NC",Metropolitan,False,718382,598665,35583,True,
80562,CLYDE MORRIS BRANCH,Port Orange,12127,Volusia,FL,19660,"Deltona-Daytona Beach-Ormond Beach, FL",Metropolitan,True,131042,179621,873,True,
82012,Pinnacle Bank,Nashville,47037,Davidson,TN,34980,"Nashville-Davidson--Murfreesboro--Franklin, TN",Metropolitan,False,0,8269186,35583,True,
8776,MONROE BRANCH,Monroe,13297,Walton,GA,12060,"Atlanta-Sandy Springs-Roswell, GA",Metropolitan,True,479469,278122,873,True,
9925,TIFTON BRANCH,Tifton,13277,Tift,GA,45700,"Tifton, GA",Micropolitan,True,410265,347720,873,True,
