county_fips,year,market_deposits_kusd,market_branches,n_institutions
01001,2020,732847,16,11
01003,2020,5414793,91,26
01031,2020,731577,12,9
01045,2020,374290,10,8
01069,2020,3270595,35,14
01073,2020,45637353,195,38
01083,2020,925478,18,11
01089,2020,9532418,101,29
01097,2020,8576702,113,24
01101,2020,7518362,62,20
01103,2020,2351959,33,14
01113,2020,698986,12,6
01117,2020,4021110,54,22
01125,2020,4094176,51,19
01127,2020,1073221,18,10
06059,2020,153563134,624,75
12009,2020,10425094,102,16
12011,2020,63608191,433,45
12015,2020,4444111,51,14
12021,2020,20113515,140,33
12031,2020,85424108,166,24
12033,2020,5899487,55,19
12051,2020,521118,7,4
12057,2020,37947605,280,49
12061,2020,5305113,44,15
12071,2020,18590287,184,30
12073,2020,8612386,72,17
12081,2020,8344595,111,21
12085,2020,6177515,47,15
12086,2020,152518507,629,57
12089,2020,1252666,19,11
12091,2020,4640232,65,22
12095,2020,39553229,277,36
12099,2020,61150461,435,49
12101,2020,6909434,85,17
12103,2020,53448759,274,32
12109,2020,5588837,58,17
12111,2020,4770638,52,11
12113,2020,1729505,26,14
12115,2020,16781438,154,35
12117,2020,10841674,106,24
12127,2020,10707537,119,19
13015,2020,1660069,20,12
13021,2020,3789667,42,15
13031,2020,1464801,17,11
13039,2020,327212,7,5
13043,2020,241876,6,5
13045,2020,2302231,20,9
13051,2020,7227981,79,20
13053,2020,102549,2,2
13057,2020,4040066,45,15
13059,2020,3574335,30,14
13067,2020,18247309,163,23
13073,2020,2802024,30,14
13077,2020,1832029,26,14
13089,2020,14103508,130,26
13095,2020,1673951,16,9
13097,2020,2121572,27,13
13113,2020,2889099,29,12
13115,2020,1870829,19,9
13117,2020,5675876,54,18
13121,2020,104737413,277,47
13127,2020,2379808,32,13
13129,2020,987695,14,10
13135,2020,20080526,182,32
13143,2020,648272,7,4
13147,2020,425633,6,5
13151,2020,2671596,36,14
13153,2020,1857186,25,11
13177,2020,512766,9,7
13185,2020,2482750,35,15
13213,2020,330066,5,4
13215,2020,11410642,36,10
13217,2020,1163609,14,9
13219,2020,1237257,15,11
13223,2020,1284684,16,10
13225,2020,313475,6,3
13227,2020,865449,10,7
13245,2020,3838051,39,13
13247,2020,1967703,18,12
13261,2020,616995,7,5
13275,2020,1556848,10,6
13277,2020,1143918,13,7
13285,2020,1229565,19,9
13295,2020,511625,10,7
13297,2020,1153691,15,11
13313,2020,2249092,22,9
18173,2020,910125,18,11
21111,2020,26829521,222,28
21227,2020,2968557,56,20
24027,2020,9365146,71,17
24031,2020,49927511,278,27
28033,2020,3349295,62,18
37001,2020,2581225,37,16
37021,2020,6429462,75,17
37025,2020,2916078,40,11
37037,2020,714563,16,9
37057,2020,2603432,26,10
37063,2020,15659844,53,11
37067,2020,9170376,90,17
37081,2020,12387841,117,22
37097,2020,3716116,48,20
37119,2020,316499344,232,31
37135,2020,3244401,27,9
37147,2020,2955185,39,15
37151,2020,1789034,28,11
37159,2020,1602114,27,13
37167,2020,1145113,19,7
37179,2020,2834862,39,12
37183,2020,31992044,247,33
45013,2020,5035647,57,19
45015,2020,1484951,29,13
45019,2020,14108198,125,28
45027,2020,373768,7,5
45035,2020,1876289,35,17
45041,2020,2830178,41,14
45045,2020,14315880,146,30
45051,2020,8067057,112,20
45055,2020,838332,14,8
45061,2020,140487,4,4
45063,2020,5178092,64,17
45077,2020,2388984,30,15
45079,2020,17741864,84,20
45083,2020,5676332,64,17
45085,2020,1073724,14,7
45091,2020,3585233,44,14
47001,2020,1142009,18,12
47003,2020,937869,10,8
47009,2020,2344460,34,14
47011,2020,1912243,26,11
47021,2020,587648,10,4
47037,2020,50238779,202,33
47043,2020,1176938,20,9
47065,2020,9917686,103,19
47093,2020,14425633,145,32
47149,2020,5514177,74,22
47157,2020,31970446,221,34
47165,2020,4352569,53,22
47167,2020,707879,16,11
47187,2020,11131688,105,35
47189,2020,3357757,43,17
48113,2020,265180517,599,111
51013,2020,55580810,66,24
51019,2020,1442479,21,11
51059,2020,80355402,295,35
51067,2020,1043470,13,5
51107,2020,8387823,93,23
51161,2020,2301085,33,12
51680,2020,2304122,27,12
51770,2020,3381686,31,10
51775,2020,896332,13,10
01001,2025,943260,16,12
01003,2025,6685421,85,27
01031,2025,1110971,11,9
01045,2025,430813,7,6
01069,2025,3439129,34,14
01073,2025,44067864,181,40
01083,2025,1389644,19,12
01089,2025,10839453,99,37
01097,2025,10122650,105,25
01101,2025,7187823,53,20
01103,2025,2852545,30,14
01113,2025,945628,10,6
01117,2025,4391831,50,22
01125,2025,4523937,48,24
01127,2025,1187803,15,9
06059,2025,163258010,535,72
12009,2025,11469064,88,18
12011,2025,69458544,369,44
12015,2025,5711257,41,12
12021,2025,18808493,126,38
12031,2025,107082200,152,29
12033,2025,6322066,49,18
12051,2025,660346,5,3
12057,2025,44662453,255,48
12061,2025,5938372,41,17
12071,2025,22291867,160,33
12073,2025,7923320,61,19
12081,2025,11113237,98,24
12085,2025,7496672,41,16
12086,2025,202479176,582,57
12089,2025,1795498,23,12
12091,2025,5094884,54,21
12095,2025,44590743,253,39
12099,2025,64322270,382,55
12101,2025,9227284,84,19
12103,2025,71063745,235,32
12109,2025,7632648,58,18
12111,2025,6048060,43,12
12113,2025,1856873,23,12
12115,2025,18817883,142,36
12117,2025,10946016,93,26
12127,2025,12348167,96,20
13015,2025,2104631,16,11
13021,2025,4344943,36,14
13031,2025,1982955,17,10
13039,2025,490493,6,5
13043,2025,286429,5,4
13045,2025,3200698,20,11
13051,2025,7914200,65,20
13053,2025,46494,1,1
13057,2025,5308194,41,15
13059,2025,4036333,27,16
13067,2025,28680131,142,25
13073,2025,3396989,30,15
13077,2025,2518340,24,14
13089,2025,16063710,111,25
13095,2025,2230142,19,11
13097,2025,2329603,21,13
13113,2025,3741025,24,12
13115,2025,2302065,13,8
13117,2025,7218518,55,19
13121,2025,129917315,247,46
13127,2025,2951651,28,14
13129,2025,1083534,9,8
13135,2025,24334673,167,41
13143,2025,915228,7,4
13147,2025,549795,5,5
13151,2025,3162000,35,14
13153,2025,2454079,25,12
13177,2025,421839,6,6
13185,2025,3126224,31,13
13213,2025,459481,5,4
13215,2025,8369442,31,11
13217,2025,1206192,9,8
13219,2025,1721216,13,11
13223,2025,1847245,16,11
13225,2025,323352,5,3
13227,2025,1172320,9,7
13245,2025,4356787,35,17
13247,2025,1804582,12,11
13261,2025,1001854,7,5
13275,2025,2087366,10,7
13277,2025,1312716,11,7
13285,2025,1597635,16,10
13295,2025,644374,10,7
13297,2025,1987172,17,12
13313,2025,2569123,20,10
18173,2025,1160187,16,10
21111,2025,31687819,196,29
21227,2025,3913925,52,21
24027,2025,9591310,54,17
24031,2025,55447608,222,28
28033,2025,4547363,60,19
37001,2025,2705260,28,14
37021,2025,7705109,65,21
37025,2025,3702469,35,12
37037,2025,1026798,16,9
37057,2025,2759377,25,10
37063,2025,11816824,49,14
37067,2025,10446358,80,20
37081,2025,12848093,101,21
37097,2025,4595359,41,19
37119,2025,452110338,243,36
37135,2025,3718971,25,11
37147,2025,3531444,32,13
37151,2025,2078655,23,11
37159,2025,1910687,25,13
37167,2025,1470298,17,7
37179,2025,3358508,32,12
37183,2025,98041470,241,37
45013,2025,6552016,52,20
45015,2025,2258027,30,17
45019,2025,18181110,132,33
45027,2025,476333,7,5
45035,2025,2648590,36,21
45041,2025,3472947,38,14
45045,2025,18214406,153,36
45051,2025,11970570,106,21
45055,2025,974300,11,7
45061,2025,187204,4,4
45063,2025,6400863,58,18
45077,2025,2857768,29,15
45079,2025,19014682,78,23
45083,2025,6149010,59,22
45085,2025,1187925,11,7
45091,2025,4780560,46,17
47001,2025,1340983,18,13
47003,2025,1257140,10,8
47009,2025,3037213,28,15
47011,2025,2571886,26,13
47021,2025,775155,11,5
47037,2025,57052979,214,37
47043,2025,1549613,20,9
47065,2025,12258189,95,23
47093,2025,19255796,130,31
47149,2025,7840537,75,25
47157,2025,31812053,204,33
47165,2025,5534697,55,24
47167,2025,1006120,16,11
47187,2025,14735790,105,36
47189,2025,4860063,40,17
48113,2025,286571473,571,112
51013,2025,8547418,54,24
51019,2025,1840941,21,13
51059,2025,122236244,242,39
51067,2025,1200225,14,6
51107,2025,9118572,73,19
51161,2025,2606217,25,10
51680,2025,2200896,26,13
51770,2025,3050343,31,13
51775,2025,1041508,11,9
