cert,year,county_fips,branches,deposits_kusd
873,1994,13053,14,21836
873,1994,13193,2,28661
873,1994,13197,1,21112
873,1994,13199,2,49215
873,1994,13215,18,791821
873,1995,13053,14,25315
873,1995,13193,2,27780
873,1995,13197,1,21741
873,1995,13199,2,49423
873,1995,13215,18,982409
873,1996,13053,14,23833
873,1996,13193,2,29428
873,1996,13197,1,22564
873,1996,13199,2,50524
873,1996,13215,18,1071603
873,1997,13053,4,25848
873,1997,13193,2,30311
873,1997,13197,1,23766
873,1997,13199,2,53207
873,1997,13215,18,1141961
873,1998,13053,4,28577
873,1998,13193,2,29843
873,1998,13197,1,25189
873,1998,13199,2,55655
873,1998,13215,19,1114374
873,1999,13053,4,26499
873,1999,13193,2,35360
873,1999,13197,1,25314
873,1999,13199,2,55834
873,1999,13215,17,1348778
873,2000,13053,4,28695
873,2000,13193,2,39845
873,2000,13197,1,24647
873,2000,13215,17,1531552
873,2001,13053,3,27622
873,2001,13193,1,0
873,2001,13215,17,1832724
873,2002,13053,3,23807
873,2002,13215,16,1957936
873,2003,13053,1,34997
873,2003,13215,17,2103350
873,2004,13053,1,31820
873,2004,13215,17,2514746
873,2005,13053,1,31288
873,2005,13215,17,2712594
873,2006,13053,1,39379
873,2006,13215,18,2595582
873,2007,13053,1,51287
873,2007,13215,18,2870168
873,2008,13053,1,36848
873,2008,13215,18,2777887
873,2009,13053,1,33435
873,2009,13215,18,3337701
873,2010,01001,1,33242
873,2010,01003,1,45894
873,2010,01031,1,134117
873,2010,01045,2,85893
873,2010,01069,2,91100
873,2010,01073,10,1760882
873,2010,01081,1,20523
873,2010,01089,6,599698
873,2010,01097,2,90438
873,2010,01101,3,513485
873,2010,01113,4,233875
873,2010,01117,4,152190
873,2010,01125,6,432346
873,2010,01127,8,508360
873,2010,12019,1,7254
873,2010,12021,1,112278
873,2010,12031,4,198036
873,2010,12033,9,836257
873,2010,12057,2,36533
873,2010,12071,2,45626
873,2010,12073,4,326781
873,2010,12081,2,53795
873,2010,12089,2,232626
873,2010,12091,11,405889
873,2010,12101,3,94533
873,2010,12103,10,542379
873,2010,12113,5,120749
873,2010,12115,4,95616
873,2010,12131,1,18100
873,2010,13015,1,22938
873,2010,13031,4,369104
873,2010,13039,2,56911
873,2010,13043,1,49325
873,2010,13045,6,241964
873,2010,13051,5,189686
873,2010,13053,1,32866
873,2010,13057,2,254901
873,2010,13059,6,610539
873,2010,13063,1,21346
873,2010,13067,5,585861
873,2010,13073,1,93473
873,2010,13077,6,288118
873,2010,13089,2,149270
873,2010,13095,3,246638
873,2010,13097,3,128613
873,2010,13113,3,123213
873,2010,13115,2,274301
873,2010,13117,2,112911
873,2010,13119,1,29221
873,2010,13121,6,1603139
873,2010,13127,5,349407
873,2010,13129,3,355718
873,2010,13135,4,242793
873,2010,13143,2,76474
873,2010,13147,1,82752
873,2010,13151,2,31309
873,2010,13153,5,298973
873,2010,13177,2,109363
873,2010,13185,4,529096
873,2010,13213,2,155803
873,2010,13215,18,3915467
873,2010,13217,3,206568
873,2010,13219,3,109558
873,2010,13223,1,34781
873,2010,13225,2,113048
873,2010,13227,1,51516
873,2010,13245,1,61599
873,2010,13247,2,46988
873,2010,13261,3,157423
873,2010,13275,3,383215
873,2010,13277,3,327073
873,2010,13285,5,250007
873,2010,13295,2,50114
873,2010,13297,3,245530
873,2010,13313,2,67819
873,2010,45007,1,28196
873,2010,45013,2,102705
873,2010,45015,2,106700
873,2010,45019,7,547043
873,2010,45027,1,78169
873,2010,45035,1,44985
873,2010,45041,2,66406
873,2010,45043,1,23085
873,2010,45045,4,198394
873,2010,45051,4,307425
873,2010,45055,1,76463
873,2010,45061,1,60622
873,2010,45063,2,67457
873,2010,45079,9,1570342
873,2010,45083,2,139244
873,2010,45085,4,280895
873,2010,45091,1,33786
873,2010,47037,6,409447
873,2010,47065,4,53052
873,2010,47149,1,5363
873,2010,47157,9,280021
873,2010,47165,1,26016
873,2010,47187,2,64449
873,2011,01001,1,33372
873,2011,01003,1,63242
873,2011,01031,1,140245
873,2011,01045,1,63000
873,2011,01069,2,74376
873,2011,01073,9,1133427
873,2011,01081,1,12057
873,2011,01089,5,501553
873,2011,01097,2,53728
873,2011,01101,3,462197
873,2011,01113,3,146402
873,2011,01117,4,135138
873,2011,01125,6,427298
873,2011,01127,7,445693
873,2011,12019,1,7405
873,2011,12021,1,85720
873,2011,12031,4,135290
873,2011,12033,9,467842
873,2011,12057,2,41760
873,2011,12071,1,26576
873,2011,12073,4,255351
873,2011,12081,2,55562
873,2011,12089,2,189890
873,2011,12091,9,454247
873,2011,12101,3,108182
873,2011,12103,8,472341
873,2011,12113,5,129747
873,2011,12115,4,108144
873,2011,13015,1,28385
873,2011,13031,4,261349
873,2011,13039,2,59303
873,2011,13043,1,50451
873,2011,13045,6,266002
873,2011,13051,4,183795
873,2011,13053,1,28737
873,2011,13057,2,243858
873,2011,13059,5,535162
873,2011,13063,1,19092
873,2011,13067,4,588353
873,2011,13073,1,79660
873,2011,13077,6,242792
873,2011,13089,2,156296
873,2011,13095,3,63917
873,2011,13097,2,146305
873,2011,13113,3,124427
873,2011,13115,2,205742
873,2011,13117,2,128338
873,2011,13119,1,29114
873,2011,13121,6,1079010
873,2011,13127,4,222420
873,2011,13129,3,314715
873,2011,13135,4,183755
873,2011,13143,2,73113
873,2011,13147,1,81402
873,2011,13151,2,32031
873,2011,13153,4,265497
873,2011,13177,2,241248
873,2011,13185,4,365234
873,2011,13213,1,98418
873,2011,13215,15,4966578
873,2011,13217,3,197362
873,2011,13219,3,115660
873,2011,13223,1,16380
873,2011,13225,2,65594
873,2011,13227,1,50039
873,2011,13245,1,72022
873,2011,13247,1,43551
873,2011,13261,2,145609
873,2011,13275,3,263633
873,2011,13277,2,278045
873,2011,13285,5,220989
873,2011,13295,2,52931
873,2011,13297,2,251923
873,2011,13313,2,72381
873,2011,45007,1,24205
873,2011,45013,2,82915
873,2011,45015,2,54929
873,2011,45019,6,600846
873,2011,45027,1,69959
873,2011,45035,1,23686
873,2011,45041,2,72357
873,2011,45043,1,16602
873,2011,45045,3,160500
873,2011,45051,3,289625
873,2011,45055,1,87567
873,2011,45061,1,65236
873,2011,45063,2,61054
873,2011,45079,9,675317
873,2011,45083,2,123606
873,2011,45085,4,278984
873,2011,45091,1,30118
873,2011,47037,6,276646
873,2011,47065,3,48563
873,2011,47149,1,4670
873,2011,47157,7,219696
873,2011,47165,1,20539
873,2011,47187,2,59328
873,2012,01001,1,29614
873,2012,01003,1,70053
873,2012,01031,1,137213
873,2012,01045,1,61611
873,2012,01069,2,64106
873,2012,01073,9,1088447
873,2012,01089,5,488477
873,2012,01097,2,54435
873,2012,01101,3,494541
873,2012,01113,3,146115
873,2012,01117,4,124233
873,2012,01125,6,449516
873,2012,01127,7,462410
873,2012,12021,1,72115
873,2012,12031,4,144937
873,2012,12033,9,397552
873,2012,12057,2,45136
873,2012,12071,1,19324
873,2012,12073,4,252231
873,2012,12081,2,58368
873,2012,12089,2,180066
873,2012,12091,9,462254
873,2012,12101,3,101604
873,2012,12103,8,537534
873,2012,12113,5,129707
873,2012,12115,4,127575
873,2012,13015,1,34527
873,2012,13031,4,280478
873,2012,13039,1,53607
873,2012,13043,1,44417
873,2012,13045,6,269580
873,2012,13051,4,180798
873,2012,13053,1,27248
873,2012,13057,2,252785
873,2012,13059,5,565421
873,2012,13067,4,679900
873,2012,13073,1,88432
873,2012,13077,5,242885
873,2012,13089,2,158389
873,2012,13095,3,62410
873,2012,13097,2,141044
873,2012,13113,2,154263
873,2012,13115,2,217842
873,2012,13117,2,127166
873,2012,13119,1,27939
873,2012,13121,6,978977
873,2012,13127,3,215414
873,2012,13129,3,278987
873,2012,13135,4,184569
873,2012,13143,2,78899
873,2012,13147,1,77672
873,2012,13151,1,31494
873,2012,13153,4,261410
873,2012,13177,2,186111
873,2012,13185,4,389074
873,2012,13213,1,98554
873,2012,13215,15,3731160
873,2012,13217,3,213775
873,2012,13219,3,123089
873,2012,13223,1,17215
873,2012,13225,2,71078
873,2012,13227,1,48417
873,2012,13245,1,77185
873,2012,13247,1,36253
873,2012,13261,2,164852
873,2012,13275,3,268177
873,2012,13277,2,293109
873,2012,13285,4,225914
873,2012,13295,2,53409
873,2012,13297,2,241465
873,2012,13313,2,77482
873,2012,45007,1,24714
873,2012,45013,2,74454
873,2012,45015,2,62988
873,2012,45019,6,694184
873,2012,45027,1,68600
873,2012,45035,1,30593
873,2012,45041,2,70279
873,2012,45043,1,13164
873,2012,45045,3,145560
873,2012,45051,3,259787
873,2012,45055,1,107550
873,2012,45061,1,64140
873,2012,45063,2,66677
873,2012,45079,9,649549
873,2012,45083,2,113039
873,2012,45085,4,264462
873,2012,45091,1,33421
873,2012,47037,6,276640
873,2012,47065,3,50455
873,2012,47149,1,4907
873,2012,47157,7,202429
873,2012,47165,1,19244
873,2012,47187,2,60696
873,2013,01001,1,22188
873,2013,01003,1,61007
873,2013,01031,1,125278
873,2013,01045,1,59427
873,2013,01069,2,66906
873,2013,01073,9,1064156
873,2013,01089,5,458862
873,2013,01097,2,55615
873,2013,01101,3,460726
873,2013,01113,3,158801
873,2013,01117,4,115165
873,2013,01125,6,372577
873,2013,01127,7,452881
873,2013,12021,1,55929
873,2013,12031,4,125597
873,2013,12033,7,380896
873,2013,12057,2,43011
873,2013,12071,1,16856
873,2013,12073,4,240570
873,2013,12081,2,46479
873,2013,12089,2,172560
873,2013,12091,9,460378
873,2013,12101,3,88856
873,2013,12103,8,421174
873,2013,12113,5,127888
873,2013,12115,4,111302
873,2013,13015,1,36477
873,2013,13031,4,283378
873,2013,13039,1,52382
873,2013,13043,1,46743
873,2013,13045,5,269139
873,2013,13051,4,181090
873,2013,13053,1,0
873,2013,13057,2,250878
873,2013,13059,5,574406
873,2013,13067,4,504908
873,2013,13073,1,87684
873,2013,13077,4,265782
873,2013,13089,2,154391
873,2013,13095,3,61381
873,2013,13097,2,140963
873,2013,13113,2,128411
873,2013,13115,2,240139
873,2013,13117,2,124254
873,2013,13119,1,28185
873,2013,13121,7,1020872
873,2013,13127,3,206813
873,2013,13129,2,276829
873,2013,13135,4,181935
873,2013,13143,2,80160
873,2013,13147,1,75162
873,2013,13151,1,25204
873,2013,13153,4,259607
873,2013,13177,2,171607
873,2013,13185,5,425897
873,2013,13213,1,96487
873,2013,13215,15,3768069
873,2013,13217,3,218474
873,2013,13219,3,133992
873,2013,13223,1,33427
873,2013,13225,2,71099
873,2013,13227,1,47259
873,2013,13245,1,69021
873,2013,13247,1,37798
873,2013,13261,2,166239
873,2013,13275,3,283319
873,2013,13277,2,274163
873,2013,13285,4,226392
873,2013,13289,1,6150
873,2013,13295,2,51714
873,2013,13297,2,243215
873,2013,13313,2,67945
873,2013,45007,1,25857
873,2013,45013,2,73242
873,2013,45015,2,64711
873,2013,45019,6,564736
873,2013,45027,1,62617
873,2013,45035,1,30059
873,2013,45041,2,54320
873,2013,45043,1,10341
873,2013,45045,3,137699
873,2013,45051,3,290536
873,2013,45055,1,88532
873,2013,45061,1,63541
873,2013,45063,2,54743
873,2013,45079,9,654694
873,2013,45083,2,119152
873,2013,45085,4,269521
873,2013,45091,1,33080
873,2013,47037,6,256115
873,2013,47065,3,52020
873,2013,47149,1,5378
873,2013,47157,6,212050
873,2013,47165,1,20907
873,2013,47187,2,64516
873,2014,01001,1,27589
873,2014,01003,1,58060
873,2014,01031,1,117485
873,2014,01045,1,66758
873,2014,01069,2,61870
873,2014,01073,9,1076447
873,2014,01089,5,469853
873,2014,01097,2,60781
873,2014,01101,3,510426
873,2014,01113,3,172811
873,2014,01117,4,119198
873,2014,01125,6,390861
873,2014,01127,7,437862
873,2014,12021,1,54182
873,2014,12031,4,139133
873,2014,12033,7,388920
873,2014,12057,2,59383
873,2014,12071,1,20569
873,2014,12073,4,250236
873,2014,12081,2,44299
873,2014,12089,2,181821
873,2014,12091,9,457245
873,2014,12101,3,95532
873,2014,12103,8,447951
873,2014,12113,3,116896
873,2014,12115,4,98452
873,2014,13015,1,37583
873,2014,13031,4,302134
873,2014,13039,1,53569
873,2014,13043,1,40759
873,2014,13045,5,255856
873,2014,13051,4,209763
873,2014,13053,2,34759
873,2014,13057,2,260945
873,2014,13059,5,591758
873,2014,13067,4,558986
873,2014,13073,1,89157
873,2014,13077,4,264735
873,2014,13089,2,153747
873,2014,13095,3,62955
873,2014,13097,2,146405
873,2014,13113,2,149803
873,2014,13115,2,243707
873,2014,13117,2,117214
873,2014,13119,1,29106
873,2014,13121,6,1134983
873,2014,13127,3,183877
873,2014,13129,2,282851
873,2014,13135,4,196068
873,2014,13143,2,82536
873,2014,13147,1,74988
873,2014,13151,1,24894
873,2014,13153,4,233586
873,2014,13177,2,165875
873,2014,13185,4,427043
873,2014,13213,1,90176
873,2014,13215,13,3732744
873,2014,13217,3,198785
873,2014,13219,3,150245
873,2014,13223,1,43926
873,2014,13225,2,103863
873,2014,13227,1,45780
873,2014,13245,1,69060
873,2014,13247,1,41227
873,2014,13261,2,163257
873,2014,13275,3,277492
873,2014,13277,2,297439
873,2014,13285,4,244075
873,2014,13295,2,49638
873,2014,13297,2,269001
873,2014,13313,2,67761
873,2014,45007,1,27565
873,2014,45013,2,75235
873,2014,45015,2,64143
873,2014,45019,6,527936
873,2014,45027,1,65784
873,2014,45035,1,31243
873,2014,45041,2,74981
873,2014,45043,1,11831
873,2014,45045,3,134902
873,2014,45051,3,281879
873,2014,45055,1,94759
873,2014,45061,1,61781
873,2014,45063,2,57112
873,2014,45079,9,675509
873,2014,45083,2,133351
873,2014,45085,4,258923
873,2014,45091,1,31788
873,2014,47037,6,274888
873,2014,47065,3,64207
873,2014,47149,1,6696
873,2014,47165,1,19711
873,2014,47187,2,65265
873,2015,01001,1,31287
873,2015,01003,1,59395
873,2015,01031,1,122714
873,2015,01045,1,61107
873,2015,01069,2,72846
873,2015,01073,8,1285253
873,2015,01089,5,514091
873,2015,01097,2,63232
873,2015,01101,3,569877
873,2015,01113,3,180047
873,2015,01117,3,120230
873,2015,01125,5,417696
873,2015,01127,6,424041
873,2015,12021,1,53205
873,2015,12031,4,187889
873,2015,12033,7,413297
873,2015,12057,2,80464
873,2015,12071,1,28018
873,2015,12073,4,264204
873,2015,12081,2,53098
873,2015,12089,2,180477
873,2015,12091,8,496321
873,2015,12095,1,6192
873,2015,12101,3,99551
873,2015,12103,8,492377
873,2015,12113,3,126852
873,2015,12115,3,121929
873,2015,13015,1,45921
873,2015,13031,4,329404
873,2015,13039,1,53232
873,2015,13043,1,48276
873,2015,13045,4,235548
873,2015,13051,4,242438
873,2015,13053,2,44754
873,2015,13057,2,302080
873,2015,13059,5,674290
873,2015,13067,4,631858
873,2015,13073,1,99982
873,2015,13077,4,266887
873,2015,13089,2,184303
873,2015,13095,3,69581
873,2015,13097,2,171932
873,2015,13113,2,175821
873,2015,13115,2,249365
873,2015,13117,2,149351
873,2015,13119,1,30346
873,2015,13121,6,1191739
873,2015,13127,3,278018
873,2015,13129,2,287048
873,2015,13135,4,185383
873,2015,13143,2,86206
873,2015,13147,1,76917
873,2015,13151,1,30055
873,2015,13153,4,260223
873,2015,13177,2,189903
873,2015,13185,4,374156
873,2015,13213,1,98777
873,2015,13215,13,3809732
873,2015,13217,3,203677
873,2015,13219,3,155692
873,2015,13223,1,53379
873,2015,13225,2,95232
873,2015,13227,1,48422
873,2015,13245,1,71961
873,2015,13247,1,48002
873,2015,13261,2,174523
873,2015,13275,3,296176
873,2015,13277,2,305425
873,2015,13285,4,241071
873,2015,13295,2,49176
873,2015,13297,2,277772
873,2015,13313,1,84386
873,2015,45007,1,29594
873,2015,45013,2,83560
873,2015,45015,2,59202
873,2015,45019,6,599131
873,2015,45027,1,70447
873,2015,45035,1,40214
873,2015,45041,1,94043
873,2015,45045,2,169321
873,2015,45051,3,326852
873,2015,45055,1,95028
873,2015,45061,1,62067
873,2015,45063,2,63778
873,2015,45079,9,744577
873,2015,45083,2,172210
873,2015,45085,4,269131
873,2015,45091,1,37225
873,2015,47037,5,286592
873,2015,47065,2,81299
873,2015,47149,1,7324
873,2015,47165,1,24333
873,2015,47187,2,69427
873,2016,01001,1,61834
873,2016,01003,1,56968
873,2016,01031,1,127609
873,2016,01045,1,63211
873,2016,01069,1,75741
873,2016,01073,9,1267650
873,2016,01089,5,557804
873,2016,01097,2,68624
873,2016,01101,2,557147
873,2016,01113,3,182824
873,2016,01117,2,71341
873,2016,01125,5,451760
873,2016,01127,5,424576
873,2016,12021,1,60821
873,2016,12031,4,212826
873,2016,12033,7,434264
873,2016,12057,2,108745
873,2016,12071,1,27774
873,2016,12073,4,272898
873,2016,12081,2,65900
873,2016,12089,2,176843
873,2016,12091,8,515200
873,2016,12095,1,28838
873,2016,12101,3,109514
873,2016,12103,8,523433
873,2016,12113,3,133121
873,2016,12115,3,150067
873,2016,13015,1,52176
873,2016,13031,4,347849
873,2016,13039,1,56251
873,2016,13043,1,52655
873,2016,13045,4,263951
873,2016,13051,4,344285
873,2016,13053,2,47605
873,2016,13057,2,310493
873,2016,13059,5,697719
873,2016,13067,4,662480
873,2016,13073,1,112104
873,2016,13077,4,253156
873,2016,13089,2,186956
873,2016,13095,2,77181
873,2016,13097,2,205619
873,2016,13113,2,200089
873,2016,13115,2,273198
873,2016,13117,2,149836
873,2016,13119,1,29998
873,2016,13121,6,1249025
873,2016,13127,3,273518
873,2016,13129,2,287623
873,2016,13135,4,204994
873,2016,13143,2,93785
873,2016,13147,1,82978
873,2016,13151,1,32775
873,2016,13153,4,278149
873,2016,13177,2,186305
873,2016,13185,4,408746
873,2016,13213,1,108686
873,2016,13215,13,4023680
873,2016,13217,3,212905
873,2016,13219,3,185076
873,2016,13223,1,59902
873,2016,13225,2,102478
873,2016,13227,1,52560
873,2016,13245,1,68181
873,2016,13247,1,87126
873,2016,13261,2,170453
873,2016,13275,3,287382
873,2016,13277,2,335928
873,2016,13285,3,227578
873,2016,13295,2,56600
873,2016,13297,2,291428
873,2016,13313,1,96310
873,2016,45007,1,30858
873,2016,45013,2,95919
873,2016,45015,2,64900
873,2016,45019,6,623759
873,2016,45027,1,74682
873,2016,45035,1,40529
873,2016,45041,1,85062
873,2016,45045,2,182159
873,2016,45051,3,314011
873,2016,45055,1,78210
873,2016,45061,1,64723
873,2016,45063,3,130656
873,2016,45079,8,791228
873,2016,45083,2,143349
873,2016,45085,4,297640
873,2016,45091,1,41541
873,2016,47037,5,322969
873,2016,47065,2,98055
873,2016,47149,1,8489
873,2016,47165,1,25102
873,2016,47187,2,60184
873,2017,01001,1,58149
873,2017,01003,1,52227
873,2017,01031,1,137636
873,2017,01045,1,68248
873,2017,01069,1,79537
873,2017,01073,8,1444271
873,2017,01089,5,583163
873,2017,01097,2,62407
873,2017,01101,2,582610
873,2017,01113,3,186333
873,2017,01117,2,78365
873,2017,01125,5,465776
873,2017,01127,5,431642
873,2017,12021,1,64542
873,2017,12031,4,249027
873,2017,12033,6,457517
873,2017,12057,2,128459
873,2017,12071,1,30700
873,2017,12073,4,280922
873,2017,12081,2,69971
873,2017,12089,2,178039
873,2017,12091,8,550025
873,2017,12095,1,21887
873,2017,12101,3,101122
873,2017,12103,8,537365
873,2017,12113,3,134952
873,2017,12115,3,153970
873,2017,13015,1,54604
873,2017,13031,4,364395
873,2017,13039,1,60565
873,2017,13043,1,50759
873,2017,13045,4,339020
873,2017,13051,4,289433
873,2017,13053,1,53966
873,2017,13057,2,335883
873,2017,13059,5,836627
873,2017,13067,4,716757
873,2017,13073,1,122287
873,2017,13077,4,265084
873,2017,13089,2,196583
873,2017,13095,2,89959
873,2017,13097,2,229067
873,2017,13113,2,208697
873,2017,13115,2,285291
873,2017,13117,2,179391
873,2017,13119,1,33771
873,2017,13121,6,1339197
873,2017,13127,3,278070
873,2017,13129,2,293389
873,2017,13135,4,205649
873,2017,13143,2,100880
873,2017,13147,1,82669
873,2017,13151,1,34791
873,2017,13153,3,283178
873,2017,13177,2,163611
873,2017,13185,4,380580
873,2017,13213,1,115030
873,2017,13215,13,4367408
873,2017,13217,3,218192
873,2017,13219,3,229452
873,2017,13223,1,32484
873,2017,13225,2,113809
873,2017,13227,1,56090
873,2017,13245,1,62429
873,2017,13247,1,99902
873,2017,13261,2,177360
873,2017,13275,4,277136
873,2017,13277,2,325892
873,2017,13285,3,246707
873,2017,13295,2,63918
873,2017,13297,2,299993
873,2017,13313,1,126725
873,2017,45007,1,28872
873,2017,45013,2,90906
873,2017,45015,2,119616
873,2017,45019,6,569877
873,2017,45027,1,81550
873,2017,45035,1,51070
873,2017,45041,1,81147
873,2017,45045,2,149756
873,2017,45051,3,307132
873,2017,45055,1,80464
873,2017,45061,1,69400
873,2017,45063,3,135735
873,2017,45079,8,780923
873,2017,45083,2,142433
873,2017,45085,4,319834
873,2017,47037,5,364112
873,2017,47065,2,136307
873,2017,47149,1,9141
873,2017,47165,1,25597
873,2017,47187,2,46364
873,2018,01001,1,57638
873,2018,01003,1,55003
873,2018,01031,1,142957
873,2018,01045,1,66378
873,2018,01069,1,77886
873,2018,01073,8,1431946
873,2018,01089,5,617539
873,2018,01097,2,64036
873,2018,01101,2,618525
873,2018,01113,3,209754
873,2018,01117,2,82651
873,2018,01125,5,449148
873,2018,01127,5,428189
873,2018,12021,1,56568
873,2018,12031,4,273979
873,2018,12033,6,494201
873,2018,12057,2,115616
873,2018,12071,1,30600
873,2018,12073,4,327568
873,2018,12081,2,75090
873,2018,12089,2,186948
873,2018,12091,8,549169
873,2018,12095,1,16524
873,2018,12101,3,124085
873,2018,12103,8,528966
873,2018,12113,3,140146
873,2018,12115,3,194871
873,2018,13015,1,58734
873,2018,13031,4,375293
873,2018,13039,1,66540
873,2018,13043,1,55442
873,2018,13045,4,294641
873,2018,13051,4,296632
873,2018,13053,1,38993
873,2018,13057,2,380700
873,2018,13059,5,870722
873,2018,13067,4,836701
873,2018,13073,1,124015
873,2018,13077,4,278635
873,2018,13089,2,210215
873,2018,13095,2,91894
873,2018,13097,2,286379
873,2018,13113,2,206141
873,2018,13115,2,301356
873,2018,13117,2,165624
873,2018,13119,1,35616
873,2018,13121,6,1106589
873,2018,13127,3,275997
873,2018,13129,2,299240
873,2018,13135,4,221184
873,2018,13143,2,103987
873,2018,13147,1,88567
873,2018,13151,1,31665
873,2018,13153,3,309595
873,2018,13177,2,166618
873,2018,13185,4,410361
873,2018,13213,1,111823
873,2018,13215,13,5405050
873,2018,13217,3,230659
873,2018,13219,3,263758
873,2018,13223,1,65817
873,2018,13225,2,125411
873,2018,13227,1,51408
873,2018,13245,2,57210
873,2018,13247,1,133936
873,2018,13261,2,164413
873,2018,13275,4,283711
873,2018,13277,2,325574
873,2018,13285,3,256394
873,2018,13295,2,66293
873,2018,13297,2,321956
873,2018,13313,1,94773
873,2018,45007,1,21554
873,2018,45013,2,84738
873,2018,45015,2,93126
873,2018,45019,6,555953
873,2018,45027,1,83462
873,2018,45035,1,48231
873,2018,45041,1,93785
873,2018,45045,2,173807
873,2018,45051,3,304381
873,2018,45055,1,82475
873,2018,45061,1,62653
873,2018,45063,3,135490
873,2018,45079,8,722640
873,2018,45083,2,146874
873,2018,45085,4,309484
873,2018,47037,5,361307
873,2018,47065,2,113630
873,2018,47149,1,7843
873,2018,47165,1,27204
873,2018,47187,2,43569
873,2019,01001,1,56542
873,2019,01003,1,49853
873,2019,01031,1,149539
873,2019,01045,1,69303
873,2019,01069,1,91854
873,2019,01073,8,1510418
873,2019,01089,5,652198
873,2019,01097,2,61005
873,2019,01101,2,606773
873,2019,01113,3,221593
873,2019,01117,2,86529
873,2019,01125,5,438901
873,2019,01127,5,428560
873,2019,12009,2,248606
873,2019,12011,5,1304869
873,2019,12015,3,439646
873,2019,12021,4,857883
873,2019,12031,4,296966
873,2019,12033,6,568207
873,2019,12051,1,85599
873,2019,12053,1,99323
873,2019,12057,4,803586
873,2019,12061,1,124184
873,2019,12069,1,29253
873,2019,12071,5,625601
873,2019,12073,4,332557
873,2019,12081,2,82730
873,2019,12085,1,193200
873,2019,12086,8,1230761
873,2019,12089,2,161485
873,2019,12091,8,570160
873,2019,12095,3,851996
873,2019,12099,7,1776021
873,2019,12101,3,133849
873,2019,12103,8,582297
873,2019,12111,2,177196
873,2019,12113,3,147056
873,2019,12115,4,757950
873,2019,12117,1,284324
873,2019,12127,2,442148
873,2019,13015,1,64710
873,2019,13021,1,37116
873,2019,13031,4,412083
873,2019,13039,1,68521
873,2019,13043,1,70027
873,2019,13045,4,299937
873,2019,13051,4,351240
873,2019,13053,1,37050
873,2019,13057,2,418504
873,2019,13059,5,809822
873,2019,13067,4,887827
873,2019,13073,1,147028
873,2019,13077,4,285252
873,2019,13089,2,230334
873,2019,13095,2,103049
873,2019,13097,2,310595
873,2019,13113,2,232985
873,2019,13115,2,300843
873,2019,13117,2,180225
873,2019,13119,1,44246
873,2019,13121,6,1185003
873,2019,13127,3,247781
873,2019,13129,2,310154
873,2019,13135,4,227433
873,2019,13143,2,119611
873,2019,13147,1,98126
873,2019,13151,1,38510
873,2019,13153,3,309812
873,2019,13177,2,219612
873,2019,13185,4,412246
873,2019,13213,1,121606
873,2019,13215,12,6236244
873,2019,13217,3,237937
873,2019,13219,3,266214
873,2019,13223,1,69178
873,2019,13225,2,131484
873,2019,13227,1,49698
873,2019,13245,2,64555
873,2019,13247,1,153937
873,2019,13261,2,169113
873,2019,13275,4,273103
873,2019,13277,2,311666
873,2019,13285,3,261207
873,2019,13295,1,62131
873,2019,13297,2,351911
873,2019,13313,1,107631
873,2019,45007,1,23364
873,2019,45013,2,80028
873,2019,45015,2,87735
873,2019,45019,6,519717
873,2019,45027,1,85126
873,2019,45035,1,38999
873,2019,45041,1,104002
873,2019,45045,2,167873
873,2019,45051,3,310525
873,2019,45055,1,82530
873,2019,45061,1,64844
873,2019,45063,3,158889
873,2019,45079,7,753450
873,2019,45083,2,148876
873,2019,45085,4,313850
873,2019,47037,5,282287
873,2019,47065,2,94374
873,2019,47149,1,9933
873,2019,47165,1,26557
873,2019,47187,2,47640
873,2020,01001,1,62921
873,2020,01003,1,62992
873,2020,01031,1,175349
873,2020,01045,1,85064
873,2020,01069,1,164194
873,2020,01073,8,1999633
873,2020,01089,5,908412
873,2020,01097,2,53699
873,2020,01101,2,900536
873,2020,01113,3,254843
873,2020,01117,2,88410
873,2020,01125,5,517316
873,2020,01127,4,490999
873,2020,12009,2,167646
873,2020,12011,6,1403328
873,2020,12015,3,345742
873,2020,12021,4,767325
873,2020,12031,3,416860
873,2020,12033,5,674185
873,2020,12051,1,90523
873,2020,12053,1,81880
873,2020,12057,4,663909
873,2020,12061,1,76324
873,2020,12069,1,16849
873,2020,12071,5,464240
873,2020,12073,4,364305
873,2020,12081,2,106901
873,2020,12085,1,163632
873,2020,12086,8,1189821
873,2020,12089,2,162332
873,2020,12091,8,675706
873,2020,12095,3,673520
873,2020,12099,7,1597042
873,2020,12101,3,167691
873,2020,12103,8,661314
873,2020,12111,2,155731
873,2020,12113,3,176586
873,2020,12115,4,592620
873,2020,12117,2,288171
873,2020,12127,2,342247
873,2020,13015,1,89312
873,2020,13021,1,67214
873,2020,13031,3,511084
873,2020,13039,1,77974
873,2020,13043,1,92911
873,2020,13045,4,382987
873,2020,13051,4,477326
873,2020,13053,1,41396
873,2020,13057,2,485952
873,2020,13059,5,1003477
873,2020,13067,5,1197776
873,2020,13073,1,213653
873,2020,13077,4,327056
873,2020,13089,2,295219
873,2020,13095,2,110159
873,2020,13097,2,393317
873,2020,13113,2,281060
873,2020,13115,2,353254
873,2020,13117,2,233189
873,2020,13119,1,47783
873,2020,13121,6,1323819
873,2020,13127,3,277559
873,2020,13129,2,353100
873,2020,13135,4,281590
873,2020,13143,2,134840
873,2020,13147,1,109802
873,2020,13151,1,46076
873,2020,13153,3,376546
873,2020,13177,2,241378
873,2020,13185,4,600462
873,2020,13213,1,124828
873,2020,13215,12,8662806
873,2020,13217,3,230217
873,2020,13219,3,336047
873,2020,13223,1,74410
873,2020,13225,2,139746
873,2020,13227,1,53191
873,2020,13245,2,68025
873,2020,13247,1,417144
873,2020,13261,2,177585
873,2020,13275,4,293268
873,2020,13277,2,390809
873,2020,13285,3,327588
873,2020,13295,1,69998
873,2020,13297,2,409785
873,2020,13313,1,122825
873,2020,45007,1,27251
873,2020,45013,2,98924
873,2020,45015,2,99599
873,2020,45019,6,603253
873,2020,45027,1,95402
873,2020,45035,1,35172
873,2020,45041,1,99741
873,2020,45045,2,195452
873,2020,45051,3,351039
873,2020,45055,1,85461
873,2020,45061,1,75163
873,2020,45063,3,209393
873,2020,45079,6,989144
873,2020,45083,2,189266
873,2020,45085,3,389907
873,2020,47037,5,328294
873,2020,47065,2,120680
873,2020,47149,1,12242
873,2020,47165,1,32032
873,2020,47187,2,54318
873,2021,01001,1,57598
873,2021,01003,1,100274
873,2021,01031,1,208116
873,2021,01045,1,97447
873,2021,01069,1,103334
873,2021,01073,8,2412871
873,2021,01089,5,917843
873,2021,01097,1,49181
873,2021,01101,2,1025545
873,2021,01113,2,282286
873,2021,01117,2,88673
873,2021,01125,5,573557
873,2021,01127,4,544642
873,2021,12009,2,149764
873,2021,12011,7,1610331
873,2021,12015,3,341542
873,2021,12021,4,719548
873,2021,12031,3,532258
873,2021,12033,5,813100
873,2021,12051,1,100616
873,2021,12053,1,48959
873,2021,12057,3,638618
873,2021,12061,1,66918
873,2021,12069,1,11561
873,2021,12071,5,429920
873,2021,12073,4,363238
873,2021,12081,2,128416
873,2021,12085,1,154528
873,2021,12086,8,1188397
873,2021,12089,2,176226
873,2021,12091,7,777056
873,2021,12095,4,696508
873,2021,12099,7,1483720
873,2021,12101,3,167235
873,2021,12103,8,750118
873,2021,12111,2,174636
873,2021,12113,3,194256
873,2021,12115,4,527389
873,2021,12117,2,320809
873,2021,12127,2,308077
873,2021,13015,1,95719
873,2021,13021,1,81360
873,2021,13031,3,663783
873,2021,13039,1,89489
873,2021,13043,1,98739
873,2021,13045,4,425978
873,2021,13051,3,511965
873,2021,13053,1,48923
873,2021,13057,2,576395
873,2021,13059,5,1154798
873,2021,13067,5,4320781
873,2021,13073,1,256528
873,2021,13077,4,349530
873,2021,13089,2,335333
873,2021,13095,2,147599
873,2021,13097,2,420529
873,2021,13113,2,301185
873,2021,13115,2,361640
873,2021,13117,2,234873
873,2021,13119,1,48797
873,2021,13121,7,1747555
873,2021,13127,3,317680
873,2021,13129,1,376637
873,2021,13135,4,308413
873,2021,13143,2,161107
873,2021,13147,1,122395
873,2021,13151,1,50666
873,2021,13153,3,464319
873,2021,13177,1,272994
873,2021,13185,3,570727
873,2021,13213,1,122441
873,2021,13215,12,4583249
873,2021,13217,2,294087
873,2021,13219,3,375713
873,2021,13223,1,73129
873,2021,13225,2,166230
873,2021,13227,1,57055
873,2021,13245,2,62451
873,2021,13247,1,534308
873,2021,13261,2,187872
873,2021,13275,4,350880
873,2021,13277,2,500559
873,2021,13285,3,388330
873,2021,13295,1,70086
873,2021,13297,2,455940
873,2021,13313,1,130723
873,2021,45007,1,30828
873,2021,45013,2,119157
873,2021,45015,2,114507
873,2021,45019,6,764581
873,2021,45027,1,102214
873,2021,45035,1,44335
873,2021,45041,1,120090
873,2021,45045,2,219969
873,2021,45051,3,404003
873,2021,45055,1,90705
873,2021,45061,1,94624
873,2021,45063,3,202888
873,2021,45079,6,1310819
873,2021,45083,2,249484
873,2021,45085,3,435027
873,2021,47037,4,343717
873,2021,47065,2,127354
873,2021,47149,1,13135
873,2021,47165,1,31933
873,2021,47187,2,174464
873,2022,01001,1,50569
873,2022,01003,1,105128
873,2022,01031,1,257019
873,2022,01045,1,106397
873,2022,01069,1,126560
873,2022,01073,7,2299269
873,2022,01089,5,888633
873,2022,01097,1,34139
873,2022,01101,2,834576
873,2022,01113,2,315461
873,2022,01117,2,131797
873,2022,01125,4,578492
873,2022,01127,4,500042
873,2022,12009,1,137844
873,2022,12011,6,1990381
873,2022,12015,3,321273
873,2022,12021,3,691652
873,2022,12031,3,515496
873,2022,12033,5,854218
873,2022,12051,1,100937
873,2022,12053,1,51899
873,2022,12057,3,704786
873,2022,12061,1,67487
873,2022,12071,4,412342
873,2022,12073,4,361016
873,2022,12081,2,146227
873,2022,12085,1,140670
873,2022,12086,7,1194926
873,2022,12089,2,172018
873,2022,12091,5,831693
873,2022,12095,4,785516
873,2022,12099,7,1207000
873,2022,12101,3,181835
873,2022,12103,8,732998
873,2022,12111,2,166762
873,2022,12113,3,188430
873,2022,12115,4,527587
873,2022,12117,2,278137
873,2022,12127,2,272342
873,2022,13015,1,97187
873,2022,13021,1,93112
873,2022,13031,3,820184
873,2022,13039,1,95835
873,2022,13043,1,113183
873,2022,13045,3,461086
873,2022,13051,3,527568
873,2022,13053,1,51406
873,2022,13057,2,602000
873,2022,13059,5,1295766
873,2022,13067,5,5985764
873,2022,13073,1,254417
873,2022,13077,3,395693
873,2022,13089,2,365353
873,2022,13095,2,154323
873,2022,13097,2,445833
873,2022,13113,2,369339
873,2022,13115,1,359551
873,2022,13117,2,231642
873,2022,13119,1,49648
873,2022,13121,6,1716251
873,2022,13127,3,366730
873,2022,13129,1,388035
873,2022,13135,4,352467
873,2022,13143,2,166256
873,2022,13147,1,116650
873,2022,13151,1,61745
873,2022,13153,3,540188
873,2022,13177,1,283543
873,2022,13185,3,597250
873,2022,13213,1,134577
873,2022,13215,12,4054733
873,2022,13217,1,285041
873,2022,13219,2,389822
873,2022,13223,1,90778
873,2022,13225,1,142877
873,2022,13227,1,57781
873,2022,13245,2,61251
873,2022,13247,1,376346
873,2022,13261,2,222554
873,2022,13275,4,362567
873,2022,13277,2,426412
873,2022,13285,2,403479
873,2022,13295,1,70052
873,2022,13297,2,513340
873,2022,13313,1,118464
873,2022,45007,1,48052
873,2022,45013,2,119850
873,2022,45015,2,226364
873,2022,45019,5,888209
873,2022,45027,1,104819
873,2022,45035,1,37324
873,2022,45041,1,103882
873,2022,45045,2,242165
873,2022,45051,3,441514
873,2022,45055,1,107515
873,2022,45061,1,105890
873,2022,45063,3,244952
873,2022,45079,5,1181503
873,2022,45083,1,198284
873,2022,45085,2,464503
873,2022,47037,3,276318
873,2022,47065,2,144970
873,2022,47149,1,18996
873,2022,47165,1,51637
873,2022,47187,1,196610
873,2023,01001,1,45877
873,2023,01003,1,37476
873,2023,01031,1,305306
873,2023,01045,1,109617
873,2023,01069,1,154722
873,2023,01073,7,2689774
873,2023,01089,4,912294
873,2023,01097,1,64625
873,2023,01101,2,829569
873,2023,01113,2,290787
873,2023,01117,2,115135
873,2023,01125,3,580408
873,2023,01127,3,462038
873,2023,12009,1,127060
873,2023,12011,6,1017096
873,2023,12015,3,362972
873,2023,12021,3,641062
873,2023,12031,3,602517
873,2023,12033,4,838386
873,2023,12051,1,104862
873,2023,12057,4,732282
873,2023,12061,1,54662
873,2023,12071,4,437487
873,2023,12073,4,333425
873,2023,12081,2,109751
873,2023,12085,1,129513
873,2023,12086,7,976938
873,2023,12089,2,150107
873,2023,12091,5,757974
873,2023,12095,4,774179
873,2023,12099,7,1070587
873,2023,12101,3,179733
873,2023,12103,7,697141
873,2023,12111,2,140875
873,2023,12113,3,181071
873,2023,12115,4,403928
873,2023,12117,2,302187
873,2023,12127,2,243593
873,2023,13015,1,103105
873,2023,13021,2,112215
873,2023,13031,3,733813
873,2023,13039,1,93814
873,2023,13043,1,128225
873,2023,13045,3,427278
873,2023,13051,3,444455
873,2023,13053,1,50345
873,2023,13057,2,556141
873,2023,13059,4,1151215
873,2023,13067,5,9859835
873,2023,13073,1,259320
873,2023,13077,3,372917
873,2023,13089,2,350765
873,2023,13095,2,142707
873,2023,13097,2,356318
873,2023,13113,2,357496
873,2023,13115,1,305333
873,2023,13117,2,211233
873,2023,13121,6,1448213
873,2023,13127,3,294745
873,2023,13129,1,362135
873,2023,13135,4,315807
873,2023,13143,2,174262
873,2023,13147,1,154949
873,2023,13151,1,58963
873,2023,13153,3,494810
873,2023,13177,1,247899
873,2023,13185,3,514688
873,2023,13213,1,133612
873,2023,13215,10,4529240
873,2023,13217,1,251007
873,2023,13219,2,381471
873,2023,13223,1,79227
873,2023,13225,1,127307
873,2023,13227,1,58498
873,2023,13245,2,80197
873,2023,13247,1,214119
873,2023,13261,2,195351
873,2023,13275,3,305588
873,2023,13277,1,381082
873,2023,13285,2,407710
873,2023,13295,1,67376
873,2023,13297,2,495486
873,2023,13313,1,90977
873,2023,45013,2,116803
873,2023,45015,2,231351
873,2023,45019,5,772211
873,2023,45027,1,99682
873,2023,45035,1,30358
873,2023,45041,1,88174
873,2023,45045,2,265195
873,2023,45051,3,415224
873,2023,45055,1,88395
873,2023,45061,1,99287
873,2023,45063,3,249438
873,2023,45079,5,1171873
873,2023,45083,1,170440
873,2023,45085,2,424089
873,2023,47037,2,242999
873,2023,47065,1,112798
873,2023,47187,1,211320
873,2024,01001,1,44939
873,2024,01003,1,44103
873,2024,01031,1,297682
873,2024,01045,1,107659
873,2024,01069,1,148190
873,2024,01073,8,2766108
873,2024,01089,4,957934
873,2024,01097,1,80643
873,2024,01101,2,862538
873,2024,01113,2,316829
873,2024,01117,2,116809
873,2024,01125,3,559267
873,2024,01127,3,465619
873,2024,12009,1,101254
873,2024,12011,6,1202264
873,2024,12015,3,327609
873,2024,12021,3,596693
873,2024,12031,3,589312
873,2024,12033,4,923262
873,2024,12051,1,108299
873,2024,12057,4,855070
873,2024,12061,1,54949
873,2024,12071,4,410572
873,2024,12073,4,362892
873,2024,12081,2,100332
873,2024,12085,1,149337
873,2024,12086,7,786561
873,2024,12089,2,158994
873,2024,12091,5,890008
873,2024,12095,4,849530
873,2024,12099,7,812309
873,2024,12101,3,210567
873,2024,12103,7,800742
873,2024,12111,2,147976
873,2024,12113,3,188731
873,2024,12115,4,390822
873,2024,12117,2,275392
873,2024,12127,2,249535
873,2024,13015,1,119784
873,2024,13021,2,110119
873,2024,13031,3,793838
873,2024,13039,1,89485
873,2024,13043,1,123292
873,2024,13045,3,478762
873,2024,13051,3,449121
873,2024,13053,1,46166
873,2024,13057,2,571734
873,2024,13059,4,1158548
873,2024,13067,5,8981533
873,2024,13073,1,257417
873,2024,13077,3,373984
873,2024,13089,2,355363
873,2024,13095,2,147275
873,2024,13097,2,316057
873,2024,13113,2,341555
873,2024,13115,1,286787
873,2024,13117,2,213121
873,2024,13121,6,1319689
873,2024,13127,3,290525
873,2024,13129,1,369104
873,2024,13135,4,342350
873,2024,13143,2,193583
873,2024,13147,1,164020
873,2024,13151,1,56114
873,2024,13153,3,505033
873,2024,13177,1,275177
873,2024,13185,3,545091
873,2024,13213,1,137216
873,2024,13215,10,4936229
873,2024,13217,1,238035
873,2024,13219,2,289682
873,2024,13223,1,68940
873,2024,13225,1,133813
873,2024,13227,1,60435
873,2024,13245,2,82086
873,2024,13247,1,202989
873,2024,13261,2,200842
873,2024,13275,3,288530
873,2024,13277,1,414018
873,2024,13285,2,414958
873,2024,13295,1,69349
873,2024,13297,2,622329
873,2024,13313,1,115871
873,2024,45013,2,116887
873,2024,45015,2,219780
873,2024,45019,5,758754
873,2024,45027,1,105934
873,2024,45035,1,30079
873,2024,45041,1,104182
873,2024,45045,2,297950
873,2024,45051,3,445989
873,2024,45055,1,98114
873,2024,45061,1,101906
873,2024,45063,3,245848
873,2024,45079,5,1222804
873,2024,45083,1,164920
873,2024,45085,2,391624
873,2024,47037,2,240561
873,2024,47065,1,116555
873,2024,47187,1,221735
873,2025,01001,1,39675
873,2025,01003,1,35278
873,2025,01031,1,308270
873,2025,01045,1,113704
873,2025,01069,1,189383
873,2025,01073,8,3043616
873,2025,01089,4,987262
873,2025,01097,1,73519
873,2025,01101,2,842150
873,2025,01113,2,349573
873,2025,01117,2,111432
873,2025,01125,3,553313
873,2025,01127,3,470165
873,2025,12009,1,81298
873,2025,12011,6,1379562
873,2025,12015,3,280612
873,2025,12021,3,569308
873,2025,12031,3,571058
873,2025,12033,4,882540
873,2025,12051,1,99853
873,2025,12057,4,1432376
873,2025,12061,1,46162
873,2025,12071,4,383686
873,2025,12073,4,351483
873,2025,12081,2,96559
873,2025,12085,1,144710
873,2025,12086,6,820520
873,2025,12089,2,156554
873,2025,12091,5,806525
873,2025,12095,4,879649
873,2025,12099,6,756526
873,2025,12101,3,179903
873,2025,12103,7,744888
873,2025,12111,2,137234
873,2025,12113,3,204376
873,2025,12115,4,344739
873,2025,12117,2,242104
873,2025,12127,2,219358
873,2025,13015,1,127565
873,2025,13021,2,129232
873,2025,13031,3,809518
873,2025,13039,1,87901
873,2025,13043,1,122400
873,2025,13045,3,444673
873,2025,13051,3,452830
873,2025,13053,1,46494
873,2025,13057,2,614991
873,2025,13059,4,1125856
873,2025,13067,5,8457677
873,2025,13073,1,257406
873,2025,13077,3,365830
873,2025,13089,2,340436
873,2025,13095,2,147504
873,2025,13097,2,310763
873,2025,13113,2,321114
873,2025,13115,1,274118
873,2025,13117,2,188264
873,2025,13121,6,1395337
873,2025,13127,3,269568
873,2025,13129,1,341389
873,2025,13135,4,311398
873,2025,13143,2,192309
873,2025,13147,1,156021
873,2025,13151,1,52846
873,2025,13153,3,546821
873,2025,13177,1,203867
873,2025,13185,3,556329
873,2025,13213,1,133711
873,2025,13215,11,5303698
873,2025,13217,1,227783
873,2025,13219,2,275054
873,2025,13223,1,68036
873,2025,13225,1,149984
873,2025,13227,1,57192
873,2025,13245,1,77216
873,2025,13247,1,166997
873,2025,13261,2,190396
873,2025,13275,3,303013
873,2025,13277,1,410265
873,2025,13285,2,427968
873,2025,13295,1,68349
873,2025,13297,2,627137
873,2025,13313,1,121315
873,2025,45013,2,104201
873,2025,45015,2,212326
873,2025,45019,5,685280
873,2025,45027,1,111499
873,2025,45035,1,27609
873,2025,45041,1,95887
873,2025,45045,2,289845
873,2025,45051,3,398940
873,2025,45055,1,109073
873,2025,45061,1,112271
873,2025,45063,3,271395
873,2025,45079,5,1228082
873,2025,45083,1,161169
873,2025,45085,2,390991
873,2025,47037,2,238782
873,2025,47065,1,100349
873,2025,47187,1,46520
35583,2001,47037,1,69684
35583,2001,47187,1,5383
35583,2002,47037,2,159392
35583,2002,47187,1,13256
35583,2003,47037,3,285663
35583,2003,47187,1,26416
35583,2004,47037,3,423068
35583,2004,47187,2,45256
35583,2005,47037,4,604330
35583,2005,47165,1,134
35583,2005,47187,3,88315
35583,2006,47003,1,39256
35583,2006,47037,4,772951
35583,2006,47149,8,615310
35583,2006,47165,1,20024
35583,2006,47187,3,115013
35583,2007,47003,1,44018
35583,2007,47037,5,819051
35583,2007,47093,1,3193
35583,2007,47149,8,692204
35583,2007,47165,1,60092
35583,2007,47187,3,196098
35583,2008,47003,1,44267
35583,2008,47021,1,95026
35583,2008,47037,8,1331382
35583,2008,47043,1,40538
35583,2008,47093,1,119160
35583,2008,47149,8,834935
35583,2008,47165,1,60643
35583,2008,47187,6,355556
35583,2008,47189,5,287422
35583,2009,47003,1,46429
35583,2009,47021,1,98453
35583,2009,47037,8,1990723
35583,2009,47043,1,42170
35583,2009,47093,1,237118
35583,2009,47149,8,839689
35583,2009,47165,1,65580
35583,2009,47187,6,303132
35583,2009,47189,5,297986
35583,2010,47003,1,50059
35583,2010,47021,1,102166
35583,2010,47037,9,1797257
35583,2010,47043,1,40970
35583,2010,47093,3,311948
35583,2010,47149,8,756035
35583,2010,47165,1,77566
35583,2010,47187,5,473024
35583,2010,47189,5,310577
35583,2011,47003,1,46024
35583,2011,47021,1,95108
35583,2011,47037,9,1721830
35583,2011,47043,1,32291
35583,2011,47093,3,376284
35583,2011,47149,8,704614
35583,2011,47165,1,81007
35583,2011,47187,5,491283
35583,2011,47189,5,274848
35583,2012,47003,1,49512
35583,2012,47021,1,86690
35583,2012,47037,9,1637672
35583,2012,47043,1,28773
35583,2012,47093,3,410036
35583,2012,47149,8,688784
35583,2012,47165,1,81435
35583,2012,47187,4,475307
35583,2012,47189,4,271605
35583,2013,47003,1,49936
35583,2013,47021,1,82548
35583,2013,47037,9,1957197
35583,2013,47043,1,28039
35583,2013,47093,4,446457
35583,2013,47149,8,733988
35583,2013,47165,1,75476
35583,2013,47187,4,475011
35583,2013,47189,4,259070
35583,2014,47003,1,47786
35583,2014,47021,1,82799
35583,2014,47037,9,2275132
35583,2014,47043,1,33938
35583,2014,47093,4,507601
35583,2014,47149,8,863696
35583,2014,47165,1,82698
35583,2014,47187,4,557733
35583,2014,47189,4,228122
35583,2015,47003,1,50778
35583,2015,47021,1,88530
35583,2015,47037,9,2445469
35583,2015,47043,1,51218
35583,2015,47093,5,541456
35583,2015,47149,8,889658
35583,2015,47165,1,86551
35583,2015,47187,4,622522
35583,2015,47189,4,255327
35583,2016,47001,1,56435
35583,2016,47003,1,60081
35583,2016,47009,1,17817
35583,2016,47011,1,127000
35583,2016,47021,1,93025
35583,2016,47037,9,3077947
35583,2016,47043,1,61409
35583,2016,47065,1,615342
35583,2016,47093,5,781903
35583,2016,47149,8,934668
35583,2016,47157,5,471005
35583,2016,47165,1,94425
35583,2016,47187,4,658970
35583,2016,47189,4,279394
35583,2017,37001,1,43697
35583,2017,37021,1,18731
35583,2017,37025,2,155855
35583,2017,37057,4,1621189
35583,2017,37063,2,172165
35583,2017,37067,3,150975
35583,2017,37081,12,969489
35583,2017,37089,1,34712
35583,2017,37097,1,86609
35583,2017,37119,3,382046
35583,2017,37135,2,90220
35583,2017,37151,4,271113
35583,2017,37159,1,60048
35583,2017,37167,3,216453
35583,2017,37183,3,168418
35583,2017,45013,1,51184
35583,2017,45015,3,80859
35583,2017,45019,9,512855
35583,2017,45035,1,14808
35583,2017,45045,6,168051
35583,2017,45051,4,217198
35583,2017,45077,1,49776
35583,2017,45083,1,94633
35583,2017,47001,1,62075
35583,2017,47003,1,76568
35583,2017,47009,1,32664
35583,2017,47011,1,101847
35583,2017,47021,1,97748
35583,2017,47037,10,4945581
35583,2017,47043,1,62492
35583,2017,47065,2,648527
35583,2017,47093,5,808695
35583,2017,47149,8,928544
35583,2017,47157,5,786742
35583,2017,47165,1,116489
35583,2017,47187,4,692960
35583,2017,47189,4,298107
35583,2017,51161,4,186784
35583,2017,51770,4,264241
35583,2017,51775,1,59198
35583,2018,37001,1,53948
35583,2018,37021,1,45564
35583,2018,37025,2,130116
35583,2018,37057,4,766719
35583,2018,37063,2,180341
35583,2018,37067,3,214513
35583,2018,37081,11,1116200
35583,2018,37097,1,92133
35583,2018,37119,4,459838
35583,2018,37135,2,88281
35583,2018,37151,3,257676
35583,2018,37159,1,51298
35583,2018,37167,2,219311
35583,2018,37183,4,293771
35583,2018,45013,1,60337
35583,2018,45015,2,64473
35583,2018,45019,8,491660
35583,2018,45035,1,15427
35583,2018,45045,4,169847
35583,2018,45051,3,245505
35583,2018,45077,1,50082
35583,2018,45083,1,79668
35583,2018,47001,1,73523
35583,2018,47003,1,90694
35583,2018,47009,1,55807
35583,2018,47011,1,102305
35583,2018,47021,1,112908
35583,2018,47037,11,6577116
35583,2018,47043,1,73240
35583,2018,47065,2,686291
35583,2018,47093,5,1232393
35583,2018,47149,8,1022763
35583,2018,47157,5,1010204
35583,2018,47165,1,138285
35583,2018,47187,4,769070
35583,2018,47189,4,319123
35583,2018,51161,4,212775
35583,2018,51770,3,249826
35583,2018,51775,1,65200
35583,2019,37001,1,60642
35583,2019,37021,1,40426
35583,2019,37025,2,129614
35583,2019,37057,4,776245
35583,2019,37063,2,178559
35583,2019,37067,3,230386
35583,2019,37081,11,1143858
35583,2019,37097,1,128877
35583,2019,37119,4,508580
35583,2019,37135,1,68143
35583,2019,37151,3,264090
35583,2019,37159,1,52989
35583,2019,37167,2,244238
35583,2019,37183,4,356469
35583,2019,45013,1,61166
35583,2019,45015,2,72364
35583,2019,45019,8,512369
35583,2019,45035,1,14854
35583,2019,45045,4,212802
35583,2019,45051,3,253919
35583,2019,45077,1,50396
35583,2019,45083,1,53622
35583,2019,47001,1,113897
35583,2019,47003,1,98828
35583,2019,47009,1,79862
35583,2019,47011,1,140227
35583,2019,47021,1,135027
35583,2019,47037,11,7223882
35583,2019,47043,1,77656
35583,2019,47065,2,852784
35583,2019,47093,5,1476917
35583,2019,47149,8,1122245
35583,2019,47157,6,867016
35583,2019,47165,1,163064
35583,2019,47187,4,854793
35583,2019,47189,4,343145
35583,2019,51161,4,214649
35583,2019,51770,3,277268
35583,2019,51775,1,94339
35583,2020,13067,1,29041
35583,2020,37001,1,70424
35583,2020,37021,1,39058
35583,2020,37025,2,183798
35583,2020,37057,3,650225
35583,2020,37063,2,184878
35583,2020,37067,3,360860
35583,2020,37081,10,1388263
35583,2020,37097,1,191807
35583,2020,37119,3,680997
35583,2020,37135,1,74688
35583,2020,37151,3,302051
35583,2020,37159,1,65210
35583,2020,37167,2,251464
35583,2020,37179,1,77702
35583,2020,37183,4,485810
35583,2020,45013,1,57634
35583,2020,45015,2,92008
35583,2020,45019,7,615969
35583,2020,45035,1,20037
35583,2020,45045,4,253961
35583,2020,45051,3,251520
35583,2020,45077,1,51772
35583,2020,45083,1,61488
35583,2020,47001,1,134886
35583,2020,47003,1,97854
35583,2020,47009,1,125331
35583,2020,47011,1,168104
35583,2020,47021,1,156793
35583,2020,47037,10,10452141
35583,2020,47043,1,80148
35583,2020,47065,3,1287020
35583,2020,47093,5,1874697
35583,2020,47149,8,1330556
35583,2020,47157,6,1225858
35583,2020,47165,1,203251
35583,2020,47187,4,1074690
35583,2020,47189,3,431871
35583,2020,51019,1,12060
35583,2020,51161,5,595866
35583,2020,51770,2,57241
35583,2020,51775,1,99163
35583,2021,13067,3,126191
35583,2021,37001,1,78464
35583,2021,37021,1,44471
35583,2021,37025,2,223102
35583,2021,37057,3,319142
35583,2021,37063,2,228833
35583,2021,37067,3,424307
35583,2021,37081,10,1501264
35583,2021,37097,1,222431
35583,2021,37119,3,897617
35583,2021,37135,1,79533
35583,2021,37151,3,375383
35583,2021,37159,1,71936
35583,2021,37167,2,244756
35583,2021,37179,1,71587
35583,2021,37183,4,575235
35583,2021,45013,1,72294
35583,2021,45015,2,133439
35583,2021,45019,7,777045
35583,2021,45035,1,20529
35583,2021,45045,4,290317
35583,2021,45051,3,272365
35583,2021,45077,1,56472
35583,2021,45083,1,65467
35583,2021,47001,1,142462
35583,2021,47003,1,87352
35583,2021,47009,1,148635
35583,2021,47011,1,300242
35583,2021,47021,1,186437
35583,2021,47037,10,10761442
35583,2021,47043,1,97131
35583,2021,47065,3,1359117
35583,2021,47093,5,2124104
35583,2021,47149,10,1503902
35583,2021,47157,6,1699321
35583,2021,47165,3,257488
35583,2021,47187,4,1308454
35583,2021,47189,3,537469
35583,2021,51019,1,12367
35583,2021,51161,5,633890
35583,2021,51770,2,57546
35583,2021,51775,1,100119
35583,2022,01089,1,215594
35583,2022,13067,3,321213
35583,2022,37001,1,86018
35583,2022,37021,1,62495
35583,2022,37025,2,260528
35583,2022,37057,3,368013
35583,2022,37063,2,267179
35583,2022,37067,3,423129
35583,2022,37081,10,1751931
35583,2022,37097,1,208126
35583,2022,37119,4,1073100
35583,2022,37135,1,78096
35583,2022,37151,3,400915
35583,2022,37159,1,76581
35583,2022,37167,2,246362
35583,2022,37179,1,104098
35583,2022,37183,4,606297
35583,2022,45013,1,66655
35583,2022,45015,2,89788
35583,2022,45019,7,837243
35583,2022,45035,1,23224
35583,2022,45045,4,308864
35583,2022,45051,3,406438
35583,2022,45077,1,58363
35583,2022,45083,1,84507
35583,2022,47001,1,191316
35583,2022,47003,1,94400
35583,2022,47009,1,205391
35583,2022,47011,1,310590
35583,2022,47021,1,218868
35583,2022,47037,10,12136308
35583,2022,47043,1,88359
35583,2022,47065,3,1572587
35583,2022,47093,5,2049299
35583,2022,47149,11,1731470
35583,2022,47157,7,2241007
35583,2022,47165,3,321681
35583,2022,47187,4,1602021
35583,2022,47189,3,600661
35583,2022,51019,1,22701
35583,2022,51161,5,785042
35583,2022,51770,2,64791
35583,2022,51775,1,100422
35583,2023,01073,1,250990
35583,2023,01089,1,301234
35583,2023,13067,3,491985
35583,2023,13121,1,42293
35583,2023,21227,1,72399
35583,2023,37001,1,110886
35583,2023,37021,1,56359
35583,2023,37025,2,284236
35583,2023,37057,3,349786
35583,2023,37063,2,277710
35583,2023,37067,3,548078
35583,2023,37081,10,1667143
35583,2023,37097,1,210235
35583,2023,37119,4,1088589
35583,2023,37135,1,73413
35583,2023,37151,3,435457
35583,2023,37159,1,80019
35583,2023,37167,2,256515
35583,2023,37179,1,96475
35583,2023,37183,5,679369
35583,2023,45013,1,66958
35583,2023,45015,2,113866
35583,2023,45019,7,1044690
35583,2023,45035,1,26672
35583,2023,45045,4,296632
35583,2023,45051,3,388300
35583,2023,45077,1,69411
35583,2023,45083,1,107707
35583,2023,47001,1,187873
35583,2023,47003,1,111256
35583,2023,47009,1,231375
35583,2023,47011,1,389341
35583,2023,47021,1,260000
35583,2023,47037,11,14324827
35583,2023,47043,1,97796
35583,2023,47065,3,1938293
35583,2023,47093,5,2115449
35583,2023,47149,11,1877485
35583,2023,47157,7,2387029
35583,2023,47165,3,473477
35583,2023,47187,4,1856384
35583,2023,47189,3,603227
35583,2023,51019,1,60304
35583,2023,51059,1,637675
35583,2023,51161,5,782943
35583,2023,51770,2,59421
35583,2023,51775,1,58682
35583,2024,01073,2,322192
35583,2024,01083,1,1047
35583,2024,01089,1,346746
35583,2024,12031,1,28353
35583,2024,12109,1,460
35583,2024,13067,3,723706
35583,2024,13121,1,22862
35583,2024,21111,1,48560
35583,2024,21227,1,146165
35583,2024,24027,1,85665
35583,2024,24031,1,1569
35583,2024,37001,1,132065
35583,2024,37021,1,54490
35583,2024,37025,2,306839
35583,2024,37057,3,507113
35583,2024,37063,2,252117
35583,2024,37067,3,513457
35583,2024,37081,10,1617227
35583,2024,37097,1,196839
35583,2024,37119,4,1280285
35583,2024,37135,1,71085
35583,2024,37151,3,420479
35583,2024,37159,1,93324
35583,2024,37167,2,253483
35583,2024,37179,1,112751
35583,2024,37183,6,692557
35583,2024,45013,1,71818
35583,2024,45015,2,134036
35583,2024,45019,7,953026
35583,2024,45035,1,30153
35583,2024,45045,4,334460
35583,2024,45051,3,440359
35583,2024,45077,1,67937
35583,2024,45083,1,117064
35583,2024,47001,1,230588
35583,2024,47003,1,117896
35583,2024,47009,1,241462
35583,2024,47011,1,490779
35583,2024,47021,1,242611
35583,2024,47037,12,14340693
35583,2024,47043,1,106890
35583,2024,47065,3,2197156
35583,2024,47093,5,2382555
35583,2024,47149,11,1979384
35583,2024,47157,7,2343068
35583,2024,47165,3,435322
35583,2024,47187,4,2014515
35583,2024,47189,3,588971
35583,2024,51013,1,906
35583,2024,51019,2,83408
35583,2024,51059,1,992599
35583,2024,51161,5,690790
35583,2024,51770,2,58785
35583,2024,51775,1,51513
35583,2025,01073,2,485196
35583,2025,01083,1,72714
35583,2025,01089,1,451823
35583,2025,12031,1,76748
35583,2025,12109,1,34
35583,2025,13067,2,974474
35583,2025,13121,3,85775
35583,2025,13135,1,998
35583,2025,21111,1,262666
35583,2025,21227,1,172876
35583,2025,24027,1,55524
35583,2025,24031,1,4820
35583,2025,37001,1,143305
35583,2025,37021,1,62425
35583,2025,37025,3,225320
35583,2025,37037,1,125665
35583,2025,37057,3,518368
35583,2025,37063,1,130725
35583,2025,37067,3,592153
35583,2025,37081,10,1704183
35583,2025,37097,1,252503
35583,2025,37119,5,1281501
35583,2025,37135,1,69379
35583,2025,37151,3,440632
35583,2025,37159,1,87735
35583,2025,37167,2,234935
35583,2025,37179,1,138794
35583,2025,37183,6,928326
35583,2025,45013,1,63487
35583,2025,45015,1,27074
35583,2025,45019,7,1091291
35583,2025,45035,2,122528
35583,2025,45045,4,338140
35583,2025,45051,3,476432
35583,2025,45077,1,63058
35583,2025,45083,1,119184
35583,2025,47001,1,262759
35583,2025,47003,1,172443
35583,2025,47009,1,251856
35583,2025,47011,1,512307
35583,2025,47021,1,250373
35583,2025,47037,13,15440535
35583,2025,47043,1,101750
35583,2025,47065,3,2350578
35583,2025,47093,5,2849206
35583,2025,47149,11,2237326
35583,2025,47157,7,2468134
35583,2025,47165,2,516780
35583,2025,47187,4,2216066
35583,2025,47189,3,579434
35583,2025,51013,1,46163
35583,2025,51019,1,85498
35583,2025,51059,1,2140358
35583,2025,51161,3,128098
35583,2025,51680,1,0
35583,2025,51770,4,716546
35583,2025,51775,1,46114
